q	a	window	K_zeros_per_character	n_points	correlation	rmse	endpoint_error
7	3	full	1	438	0.574392691	1.35175541	-1.8861542
7	3	full	3	438	0.732318052	1.14142235	-1.06906109
7	3	full	10	438	0.867959052	0.869184723	-0.293863634
7	3	full	25	438	0.916181269	0.732360539	-0.486122403
7	3	x_ge_1e10	1	234	0.483322055	1.35779777	-1.8861542
7	3	x_ge_1e10	3	234	0.728635091	1.06776714	-1.06906109
7	3	x_ge_1e10	10	234	0.858267357	0.814347843	-0.293863634
7	3	x_ge_1e10	25	234	0.910756309	0.670432742	-0.486122403
7	3	x_ge_1e13	1	78	0.443850462	1.28507891	-1.8861542
7	3	x_ge_1e13	3	78	0.733148746	0.979746842	-1.06906109
7	3	x_ge_1e13	10	78	0.844083342	0.782865985	-0.293863634
7	3	x_ge_1e13	25	78	0.91724689	0.595574664	-0.486122403
7	3	top_decade	1	53	0.417787303	1.24788412	-1.8861542
7	3	top_decade	3	53	0.781200438	0.851822727	-1.06906109
7	3	top_decade	10	53	0.823714642	0.774838073	-0.293863634
7	3	top_decade	25	53	0.919504754	0.55431987	-0.486122403
7	5	full	1	438	0.496874169	1.48186817	-2.1401709
7	5	full	3	438	0.699993903	1.2348916	-1.75009989
7	5	full	10	438	0.855946629	0.923658279	0.0749351083
7	5	full	25	438	0.913114629	0.7589294	-0.971697805
7	5	x_ge_1e10	1	234	0.500207851	1.45278	-2.1401709
7	5	x_ge_1e10	3	234	0.676186765	1.24091191	-1.75009989
7	5	x_ge_1e10	10	234	0.849235366	0.90262771	0.0749351083
7	5	x_ge_1e10	25	234	0.914366076	0.710937711	-0.971697805
7	5	x_ge_1e13	1	78	0.541398597	1.29136846	-2.1401709
7	5	x_ge_1e13	3	78	0.70750678	1.08911563	-1.75009989
7	5	x_ge_1e13	10	78	0.81767086	0.891544731	0.0749351083
7	5	x_ge_1e13	25	78	0.92109747	0.6191076	-0.971697805
7	5	top_decade	1	53	0.596605981	1.32169576	-2.1401709
7	5	top_decade	3	53	0.730453983	1.12212026	-1.75009989
7	5	top_decade	10	53	0.838156171	0.900277204	0.0749351083
7	5	top_decade	25	53	0.928354131	0.636442699	-0.971697805
7	6	full	1	438	0.724060827	1.35737731	-1.76460409
7	6	full	3	438	0.820574111	1.13396007	-1.91031452
7	6	full	10	438	0.904004654	0.865802036	0.0381161501
7	6	full	25	438	0.948010239	0.665528379	-0.0559022523
7	6	x_ge_1e10	1	234	0.727456051	1.34536604	-1.76460409
7	6	x_ge_1e10	3	234	0.805031952	1.16530171	-1.91031452
7	6	x_ge_1e10	10	234	0.900087701	0.867327091	0.0381161501
7	6	x_ge_1e10	25	234	0.94837803	0.646784286	-0.0559022523
7	6	x_ge_1e13	1	78	0.69770075	1.30127562	-1.76460409
7	6	x_ge_1e13	3	78	0.796777135	1.09745351	-1.91031452
7	6	x_ge_1e13	10	78	0.904711153	0.783270551	0.0381161501
7	6	x_ge_1e13	25	78	0.958528475	0.536932183	-0.0559022523
7	6	top_decade	1	53	0.730824403	1.30178639	-1.76460409
7	6	top_decade	3	53	0.841125222	1.02204223	-1.91031452
7	6	top_decade	10	53	0.904616265	0.814466183	0.0381161501
7	6	top_decade	25	53	0.964909993	0.514746213	-0.0559022523
8	3	full	1	438	0.592049168	1.11117253	-1.00941907
8	3	full	3	438	0.748954808	0.950747981	-0.491447251
8	3	full	10	438	0.859801562	0.790334263	-0.332318579
8	3	full	25	438	0.913499219	0.692460909	-0.474879613
8	3	x_ge_1e10	1	234	0.599418573	1.02785968	-1.00941907
8	3	x_ge_1e10	3	234	0.761625298	0.853188909	-0.491447251
8	3	x_ge_1e10	10	234	0.878236249	0.668262211	-0.332318579
8	3	x_ge_1e10	25	234	0.917075908	0.590379299	-0.474879613
8	3	x_ge_1e13	1	78	0.568946281	0.953251258	-1.00941907
8	3	x_ge_1e13	3	78	0.761080431	0.770412577	-0.491447251
8	3	x_ge_1e13	10	78	0.83116487	0.674403445	-0.332318579
8	3	x_ge_1e13	25	78	0.896773622	0.56658909	-0.474879613
8	3	top_decade	1	53	0.582953146	1.02811724	-1.00941907
8	3	top_decade	3	53	0.785738545	0.801279416	-0.491447251
8	3	top_decade	10	53	0.843424979	0.698128898	-0.332318579
8	3	top_decade	25	53	0.8984564	0.587441701	-0.474879613
8	5	full	1	438	0.659605537	1.23936162	-1.607349
8	5	full	3	438	0.777869646	1.06293458	-0.896305484
8	5	full	10	438	0.89611067	0.814651676	-0.941907856
8	5	full	25	438	0.939103161	0.694003356	-1.28904393
8	5	x_ge_1e10	1	234	0.646525925	1.29985436	-1.607349
8	5	x_ge_1e10	3	234	0.800137971	1.03819875	-0.896305484
8	5	x_ge_1e10	10	234	0.91002681	0.757000753	-0.941907856
8	5	x_ge_1e10	25	234	0.947340559	0.621621252	-1.28904393
8	5	x_ge_1e13	1	78	0.594279242	1.28786632	-1.607349
8	5	x_ge_1e13	3	78	0.807834377	0.971493976	-0.896305484
8	5	x_ge_1e13	10	78	0.903869558	0.733170546	-0.941907856
8	5	x_ge_1e13	25	78	0.942792114	0.601941755	-1.28904393
8	5	top_decade	1	53	0.69353	1.26444242	-1.607349
8	5	top_decade	3	53	0.842769781	0.954847342	-0.896305484
8	5	top_decade	10	53	0.893692999	0.799675074	-0.941907856
8	5	top_decade	25	53	0.936253858	0.651274405	-1.28904393
8	7	full	1	438	0.681459453	1.11904355	-0.106534216
8	7	full	3	438	0.796910876	0.961749787	0.38333453
8	7	full	10	438	0.887001649	0.798976095	-0.231501297
8	7	full	25	438	0.93491227	0.686398588	-0.597382682
8	7	x_ge_1e10	1	234	0.674155826	1.11382451	-0.106534216
8	7	x_ge_1e10	3	234	0.800910241	0.929785353	0.38333453
8	7	x_ge_1e10	10	234	0.898373053	0.731971169	-0.231501297
8	7	x_ge_1e10	25	234	0.941706185	0.609503086	-0.597382682
8	7	x_ge_1e13	1	78	0.687389412	1.12932918	-0.106534216
8	7	x_ge_1e13	3	78	0.813696237	0.934677431	0.38333453
8	7	x_ge_1e13	10	78	0.903864901	0.73573715	-0.231501297
8	7	x_ge_1e13	25	78	0.944439953	0.609320524	-0.597382682
8	7	top_decade	1	53	0.6163891	1.18259549	-0.106534216
8	7	top_decade	3	53	0.772888958	0.969985652	0.38333453
8	7	top_decade	10	53	0.891901975	0.735090325	-0.231501297
8	7	top_decade	25	53	0.930923926	0.625584092	-0.597382682
11	2	full	1	438	0.779885331	1.96483512	2.30756136
11	2	full	3	438	0.859341245	1.60962103	2.36395543
11	2	full	10	438	0.928728896	1.17703073	1.27793971
11	2	full	25	438	0.958811942	0.916239263	0.678711151
11	2	x_ge_1e10	1	234	0.826850068	1.82310407	2.30756136
11	2	x_ge_1e10	3	234	0.874315495	1.57404637	2.36395543
11	2	x_ge_1e10	10	234	0.934552333	1.16017759	1.27793971
11	2	x_ge_1e10	25	234	0.960624327	0.917555099	0.678711151
11	2	x_ge_1e13	1	78	0.648368039	2.01446458	2.30756136
11	2	x_ge_1e13	3	78	0.725256735	1.79952954	2.36395543
11	2	x_ge_1e13	10	78	0.897248138	1.15881156	1.27793971
11	2	x_ge_1e13	25	78	0.938341081	0.907684689	0.678711151
11	2	top_decade	1	53	0.428513436	2.05313344	2.30756136
11	2	top_decade	3	53	0.491982764	1.98113033	2.36395543
11	2	top_decade	10	53	0.84805134	1.20242909	1.27793971
11	2	top_decade	25	53	0.922922643	0.875302002	0.678711151
11	6	full	1	438	0.773291309	2.1130174	-2.90162945
11	6	full	3	438	0.86964171	1.6512172	-1.17707368
11	6	full	10	438	0.933934519	1.20626369	-0.653313211
11	6	full	25	438	0.962072436	0.934907714	0.121258328
11	6	x_ge_1e10	1	234	0.796688255	2.05248484	-2.90162945
11	6	x_ge_1e10	3	234	0.882626418	1.59943938	-1.17707368
11	6	x_ge_1e10	10	234	0.938801336	1.18292321	-0.653313211
11	6	x_ge_1e10	25	234	0.961762896	0.952628165	0.121258328
11	6	x_ge_1e13	1	78	0.794349504	2.10708095	-2.90162945
11	6	x_ge_1e13	3	78	0.867727647	1.72735363	-1.17707368
11	6	x_ge_1e13	10	78	0.928724562	1.29196265	-0.653313211
11	6	x_ge_1e13	25	78	0.965678127	0.911567965	0.121258328
11	6	top_decade	1	53	0.796396132	2.19211414	-2.90162945
11	6	top_decade	3	53	0.859655073	1.85601877	-1.17707368
11	6	top_decade	10	53	0.931379742	1.32166002	-0.653313211
11	6	top_decade	25	53	0.966240979	0.93500675	0.121258328
11	7	full	1	438	0.718617995	1.86695493	-0.49791807
11	7	full	3	438	0.823307565	1.53186663	-1.01864834
11	7	full	10	438	0.894659936	1.2121856	-1.55866614
11	7	full	25	438	0.940481187	0.936124827	-0.921089655
11	7	x_ge_1e10	1	234	0.728656264	1.86441088	-0.49791807
11	7	x_ge_1e10	3	234	0.83937533	1.48550806	-1.01864834
11	7	x_ge_1e10	10	234	0.908081777	1.15062955	-1.55866614
11	7	x_ge_1e10	25	234	0.944836655	0.912264018	-0.921089655
11	7	x_ge_1e13	1	78	0.657922567	1.60411055	-0.49791807
11	7	x_ge_1e13	3	78	0.76020276	1.38918708	-1.01864834
11	7	x_ge_1e13	10	78	0.835240385	1.17497647	-1.55866614
11	7	x_ge_1e13	25	78	0.920875743	0.840680549	-0.921089655
11	7	top_decade	1	53	0.603575465	1.71508648	-0.49791807
11	7	top_decade	3	53	0.717161906	1.49715474	-1.01864834
11	7	top_decade	10	53	0.795288595	1.30177834	-1.55866614
11	7	top_decade	25	53	0.919932302	0.845367213	-0.921089655
11	8	full	1	438	0.680718474	2.02113493	2.84817582
11	8	full	3	438	0.806991911	1.63533132	2.46131405
11	8	full	10	438	0.904164754	1.19402559	1.15497207
11	8	full	25	438	0.946415055	0.918275005	1.73955692
11	8	x_ge_1e10	1	234	0.730835871	1.91990307	2.84817582
11	8	x_ge_1e10	3	234	0.839499246	1.53059765	2.46131405
11	8	x_ge_1e10	10	234	0.908374529	1.18354966	1.15497207
11	8	x_ge_1e10	25	234	0.943070094	0.951496819	1.73955692
11	8	x_ge_1e13	1	78	0.705381689	1.86884012	2.84817582
11	8	x_ge_1e13	3	78	0.846892239	1.41174154	2.46131405
11	8	x_ge_1e13	10	78	0.879092531	1.26127548	1.15497207
11	8	x_ge_1e13	25	78	0.925850028	1.00648752	1.73955692
11	8	top_decade	1	53	0.759308156	1.77509366	2.84817582
11	8	top_decade	3	53	0.844308859	1.46083614	2.46131405
11	8	top_decade	10	53	0.879202232	1.2982279	1.15497207
11	8	top_decade	25	53	0.932108243	0.992999039	1.73955692
11	10	full	1	438	0.77526162	2.07016319	-1.34561512
11	10	full	3	438	0.881407832	1.55755965	-0.249649818
11	10	full	10	438	0.938616717	1.14496829	0.60710725
11	10	full	25	438	0.96742951	0.857274684	0.182832446
11	10	x_ge_1e10	1	234	0.770817213	2.04939729	-1.34561512
11	10	x_ge_1e10	3	234	0.895260902	1.4391401	-0.249649818
11	10	x_ge_1e10	10	234	0.935152447	1.1478463	0.60710725
11	10	x_ge_1e10	25	234	0.960831051	0.908940482	0.182832446
11	10	x_ge_1e13	1	78	0.770336694	1.65856865	-1.34561512
11	10	x_ge_1e13	3	78	0.877346457	1.2492371	-0.249649818
11	10	x_ge_1e13	10	78	0.904798623	1.11061857	0.60710725
11	10	x_ge_1e13	25	78	0.939265577	0.908912895	0.182832446
11	10	top_decade	1	53	0.805840314	1.51519794	-1.34561512
11	10	top_decade	3	53	0.866294698	1.29322448	-0.249649818
11	10	top_decade	10	53	0.896625792	1.15700345	0.60710725
11	10	top_decade	25	53	0.938516494	0.919052256	0.182832446
19	2	full	1	438	0.753797986	3.32009889	5.82798069
19	2	full	3	438	0.836024766	2.80357999	5.54507543
19	2	full	10	438	0.924435803	2.0125685	3.25005156
19	2	full	25	438	0.958540336	1.5856545	1.01873123
19	2	x_ge_1e10	1	234	0.67892152	3.29240611	5.82798069
19	2	x_ge_1e10	3	234	0.769892188	2.86792137	5.54507543
19	2	x_ge_1e10	10	234	0.911329351	1.89352388	3.25005156
19	2	x_ge_1e10	25	234	0.958706575	1.36953089	1.01873123
19	2	x_ge_1e13	1	78	0.470504415	3.63341592	5.82798069
19	2	x_ge_1e13	3	78	0.599301875	3.28477295	5.54507543
19	2	x_ge_1e13	10	78	0.876909042	1.99457291	3.25005156
19	2	x_ge_1e13	25	78	0.939620992	1.47038171	1.01873123
19	2	top_decade	1	53	0.57455926	3.38140034	5.82798069
19	2	top_decade	3	53	0.709270565	2.92377856	5.54507543
19	2	top_decade	10	53	0.89639376	1.85729385	3.25005156
19	2	top_decade	25	53	0.943444953	1.42303619	1.01873123
19	3	full	1	438	0.710399884	3.61656416	1.13800034
19	3	full	3	438	0.835775597	2.9146936	0.781509326
19	3	full	10	438	0.928017867	2.15827063	1.22800363
19	3	full	25	438	0.956606708	1.85133296	0.684060469
19	3	x_ge_1e10	1	234	0.685853396	3.63991439	1.13800034
19	3	x_ge_1e10	3	234	0.806024169	2.99363581	0.781509326
19	3	x_ge_1e10	10	234	0.924710723	2.04147136	1.22800363
19	3	x_ge_1e10	25	234	0.957934266	1.65953314	0.684060469
19	3	x_ge_1e13	1	78	0.765563575	3.55081869	1.13800034
19	3	x_ge_1e13	3	78	0.808769049	3.17593764	0.781509326
19	3	x_ge_1e13	10	78	0.935191276	2.02447915	1.22800363
19	3	x_ge_1e13	25	78	0.967795092	1.56646854	0.684060469
19	3	top_decade	1	53	0.838951313	3.16217135	1.13800034
19	3	top_decade	3	53	0.877941333	2.72005368	0.781509326
19	3	top_decade	10	53	0.954244015	1.81172043	1.22800363
19	3	top_decade	25	53	0.9710903	1.5385361	0.684060469
19	8	full	1	438	0.671199852	3.27911044	0.163430016
19	8	full	3	438	0.789788283	2.73294644	0.0714764979
19	8	full	10	438	0.921201964	1.77571237	-0.117389773
19	8	full	25	438	0.948755053	1.47586173	-0.442863043
19	8	x_ge_1e10	1	234	0.483156241	3.43845643	0.163430016
19	8	x_ge_1e10	3	234	0.715100067	2.76241851	0.0714764979
19	8	x_ge_1e10	10	234	0.901023987	1.7476834	-0.117389773
19	8	x_ge_1e10	25	234	0.936121399	1.44265127	-0.442863043
19	8	x_ge_1e13	1	78	0.304110794	3.7776804	0.163430016
19	8	x_ge_1e13	3	78	0.721650356	2.74543493	0.0714764979
19	8	x_ge_1e13	10	78	0.887456574	1.85934985	-0.117389773
19	8	x_ge_1e13	25	78	0.923740871	1.57149489	-0.442863043
19	8	top_decade	1	53	0.195043064	3.9630766	0.163430016
19	8	top_decade	3	53	0.756925987	2.63827879	0.0714764979
19	8	top_decade	10	53	0.897559032	1.8086923	-0.117389773
19	8	top_decade	25	53	0.931531753	1.51152442	-0.442863043
19	10	full	1	438	0.740242492	3.29386286	1.70917454
19	10	full	3	438	0.831609602	2.76964342	1.77699377
19	10	full	10	438	0.917164585	2.08509119	0.666006098
19	10	full	25	438	0.954637544	1.67942392	0.499564234
19	10	x_ge_1e10	1	234	0.688681689	3.03077931	1.70917454
19	10	x_ge_1e10	3	234	0.801041794	2.52350165	1.77699377
19	10	x_ge_1e10	10	234	0.898032499	1.90780585	0.666006098
19	10	x_ge_1e10	25	234	0.94695529	1.48450575	0.499564234
19	10	x_ge_1e13	1	78	0.694423209	2.97515305	1.70917454
19	10	x_ge_1e13	3	78	0.795439935	2.54446386	1.77699377
19	10	x_ge_1e13	10	78	0.907472354	1.83365037	0.666006098
19	10	x_ge_1e13	25	78	0.954153606	1.4380714	0.499564234
19	10	top_decade	1	53	0.469428272	2.75215693	1.70917454
19	10	top_decade	3	53	0.715464346	2.27670409	1.77699377
19	10	top_decade	10	53	0.853404291	1.74039344	0.666006098
19	10	top_decade	25	53	0.922666386	1.40914968	0.499564234
19	12	full	1	438	0.782640394	2.98022885	4.51549553
19	12	full	3	438	0.857762731	2.46636172	3.61489104
19	12	full	10	438	0.930531349	1.76904627	1.4896406
19	12	full	25	438	0.958704834	1.38803392	-0.197535281
19	12	x_ge_1e10	1	234	0.744136585	2.98664026	4.51549553
19	12	x_ge_1e10	3	234	0.854599146	2.31911358	3.61489104
19	12	x_ge_1e10	10	234	0.930685644	1.64168051	1.4896406
19	12	x_ge_1e10	25	234	0.951862579	1.3838585	-0.197535281
19	12	x_ge_1e13	1	78	0.814040744	2.76230029	4.51549553
19	12	x_ge_1e13	3	78	0.874071189	2.31268205	3.61489104
19	12	x_ge_1e13	10	78	0.934771719	1.70653699	1.4896406
19	12	x_ge_1e13	25	78	0.956334355	1.41944824	-0.197535281
19	12	top_decade	1	53	0.805406573	2.84655331	4.51549553
19	12	top_decade	3	53	0.891654857	2.17157303	3.61489104
19	12	top_decade	10	53	0.934373354	1.70757727	1.4896406
19	12	top_decade	25	53	0.961855771	1.32251416	-0.197535281
19	13	full	1	438	0.711835319	3.35190482	1.60744056
19	13	full	3	438	0.806970275	2.87218999	1.11145172
19	13	full	10	438	0.911624522	2.11545328	-0.444800296
19	13	full	25	438	0.953208998	1.69755273	0.175637972
19	13	x_ge_1e10	1	234	0.586295697	3.32676582	1.60744056
19	13	x_ge_1e10	3	234	0.761615508	2.68945931	1.11145172
19	13	x_ge_1e10	10	234	0.899701706	1.87444904	-0.444800296
19	13	x_ge_1e10	25	234	0.950565617	1.42673057	0.175637972
19	13	x_ge_1e13	1	78	0.549822112	2.97131004	1.60744056
19	13	x_ge_1e13	3	78	0.758989067	2.32615704	1.11145172
19	13	x_ge_1e13	10	78	0.86216755	1.84272356	-0.444800296
19	13	x_ge_1e13	25	78	0.944506942	1.25613158	0.175637972
19	13	top_decade	1	53	0.675711776	2.95612198	1.60744056
19	13	top_decade	3	53	0.832376012	2.1480359	1.11145172
19	13	top_decade	10	53	0.910800056	1.63455337	-0.444800296
19	13	top_decade	25	53	0.951655324	1.25664036	0.175637972
19	14	full	1	438	0.803179085	3.44392333	7.19312897
19	14	full	3	438	0.881275342	2.73863788	6.22589127
19	14	full	10	438	0.952509101	1.78341144	3.12150078
19	14	full	25	438	0.973537018	1.36203781	1.43938036
19	14	x_ge_1e10	1	234	0.765307845	3.62232538	7.19312897
19	14	x_ge_1e10	3	234	0.869038068	2.77300084	6.22589127
19	14	x_ge_1e10	10	234	0.954597418	1.68900781	3.12150078
19	14	x_ge_1e10	25	234	0.973589429	1.31709717	1.43938036
19	14	x_ge_1e13	1	78	0.761346383	3.87242567	7.19312897
19	14	x_ge_1e13	3	78	0.883669178	2.64619111	6.22589127
19	14	x_ge_1e13	10	78	0.94596386	1.85203813	3.12150078
19	14	x_ge_1e13	25	78	0.963815142	1.54891776	1.43938036
19	14	top_decade	1	53	0.605944754	4.35325316	7.19312897
19	14	top_decade	3	53	0.824981609	2.91750518	6.22589127
19	14	top_decade	10	53	0.931271647	1.88947237	3.12150078
19	14	top_decade	25	53	0.953214642	1.5892018	1.43938036
19	15	full	1	438	0.599437184	3.38617291	4.94678101
19	15	full	3	438	0.750424605	2.80348365	3.92834816
19	15	full	10	438	0.896777189	1.89156617	0.798125339
19	15	full	25	438	0.94888065	1.37363113	0.0315708842
19	15	x_ge_1e10	1	234	0.55460039	3.30910642	4.94678101
19	15	x_ge_1e10	3	234	0.73474316	2.69964119	3.92834816
19	15	x_ge_1e10	10	234	0.893102439	1.80067583	0.798125339
19	15	x_ge_1e10	25	234	0.951402657	1.25770295	0.0315708842
19	15	x_ge_1e13	1	78	0.477414266	2.82931023	4.94678101
19	15	x_ge_1e13	3	78	0.560628748	2.66320432	3.92834816
19	15	x_ge_1e13	10	78	0.837959891	1.77065535	0.798125339
19	15	x_ge_1e13	25	78	0.937873582	1.15080468	0.0315708842
19	15	top_decade	1	53	0.518356731	2.84143503	4.94678101
19	15	top_decade	3	53	0.610737958	2.6372729	3.92834816
19	15	top_decade	10	53	0.848445234	1.79088955	0.798125339
19	15	top_decade	25	53	0.935091075	1.21849117	0.0315708842
19	18	full	1	438	0.758409102	3.49202911	2.6407938
19	18	full	3	438	0.8573805	2.83957497	2.15935895
19	18	full	10	438	0.936990214	2.07394522	-1.08735947
19	18	full	25	438	0.960273358	1.77182993	-1.72982518
19	18	x_ge_1e10	1	234	0.702556015	3.50794374	2.6407938
19	18	x_ge_1e10	3	234	0.835875448	2.74384663	2.15935895
19	18	x_ge_1e10	10	234	0.924879879	1.99445482	-1.08735947
19	18	x_ge_1e10	25	234	0.954634184	1.64370194	-1.72982518
19	18	x_ge_1e13	1	78	0.732059587	3.73788338	2.6407938
19	18	x_ge_1e13	3	78	0.872195663	2.78106829	2.15935895
19	18	x_ge_1e13	10	78	0.943192706	2.05580324	-1.08735947
19	18	x_ge_1e13	25	78	0.963425564	1.78254484	-1.72982518
19	18	top_decade	1	53	0.751382282	3.96027888	2.6407938
19	18	top_decade	3	53	0.896145574	2.77743851	2.15935895
19	18	top_decade	10	53	0.959357673	1.96118904	-1.08735947
19	18	top_decade	25	53	0.971455692	1.74492038	-1.72982518
23	5	full	1	438	0.842203177	3.59705514	-3.77049474
23	5	full	3	438	0.914125409	2.70539198	-1.45569274
23	5	full	10	438	0.95954513	1.88921266	-2.36426793
23	5	full	25	438	0.976359445	1.45779692	-1.01532192
23	5	x_ge_1e10	1	234	0.782989992	3.69254322	-3.77049474
23	5	x_ge_1e10	3	234	0.88907907	2.71498895	-1.45569274
23	5	x_ge_1e10	10	234	0.952414295	1.81733371	-2.36426793
23	5	x_ge_1e10	25	234	0.975289194	1.32254265	-1.01532192
23	5	x_ge_1e13	1	78	0.657408066	3.65484938	-3.77049474
23	5	x_ge_1e13	3	78	0.842744153	2.59286043	-1.45569274
23	5	x_ge_1e13	10	78	0.926984177	1.81429756	-2.36426793
23	5	x_ge_1e13	25	78	0.963844659	1.2944657	-1.01532192
23	5	top_decade	1	53	0.36081286	3.34525934	-3.77049474
23	5	top_decade	3	53	0.578446439	2.70283311	-1.45569274
23	5	top_decade	10	53	0.832066949	1.85502341	-2.36426793
23	5	top_decade	25	53	0.917103013	1.37014972	-1.01532192
23	7	full	1	438	0.72008464	3.84171462	-2.45005913
23	7	full	3	438	0.884197376	2.59837221	-2.21329948
23	7	full	10	438	0.940501121	1.9090262	-2.68548654
23	7	full	25	438	0.962278404	1.54088372	-1.59867348
23	7	x_ge_1e10	1	234	0.616497466	3.92437659	-2.45005913
23	7	x_ge_1e10	3	234	0.85647085	2.57770965	-2.21329948
23	7	x_ge_1e10	10	234	0.929147293	1.85593859	-2.68548654
23	7	x_ge_1e10	25	234	0.957545894	1.45580802	-1.59867348
23	7	x_ge_1e13	1	78	0.518773981	4.01310796	-2.45005913
23	7	x_ge_1e13	3	78	0.762123682	2.92109535	-2.21329948
23	7	x_ge_1e13	10	78	0.920322386	1.79902793	-2.68548654
23	7	x_ge_1e13	25	78	0.946744658	1.49067783	-1.59867348
23	7	top_decade	1	53	0.541220954	3.50159266	-2.45005913
23	7	top_decade	3	53	0.633521995	3.05054243	-2.21329948
23	7	top_decade	10	53	0.881081843	1.84991379	-2.68548654
23	7	top_decade	25	53	0.926041441	1.52194595	-1.59867348
23	10	full	1	438	0.764320972	3.81538541	-3.40924948
23	10	full	3	438	0.880726436	2.80197005	-0.252613224
23	10	full	10	438	0.942223505	1.99339828	-4.39821006
23	10	full	25	438	0.966294639	1.5347045	-2.25471559
23	10	x_ge_1e10	1	234	0.70667839	3.95737026	-3.40924948
23	10	x_ge_1e10	3	234	0.850048886	2.94301593	-0.252613224
23	10	x_ge_1e10	10	234	0.923729349	2.14628521	-4.39821006
23	10	x_ge_1e10	25	234	0.961160895	1.54749137	-2.25471559
23	10	x_ge_1e13	1	78	0.574570802	4.34808433	-3.40924948
23	10	x_ge_1e13	3	78	0.797054295	3.16616568	-0.252613224
23	10	x_ge_1e13	10	78	0.917936463	2.1145959	-4.39821006
23	10	x_ge_1e13	25	78	0.95222298	1.61962187	-2.25471559
23	10	top_decade	1	53	0.596265342	3.47240136	-3.40924948
23	10	top_decade	3	53	0.645756745	3.28880279	-0.252613224
23	10	top_decade	10	53	0.8884123	1.9802064	-4.39821006
23	10	top_decade	25	53	0.923765317	1.65194701	-2.25471559
23	11	full	1	438	0.783273576	3.54942013	-3.80513699
23	11	full	3	438	0.878979856	2.72329663	-1.75846364
23	11	full	10	438	0.934053035	2.04947339	-3.30121825
23	11	full	25	438	0.962703348	1.56351198	-1.96833379
23	11	x_ge_1e10	1	234	0.748217695	3.56899715	-3.80513699
23	11	x_ge_1e10	3	234	0.867368104	2.67374947	-1.75846364
23	11	x_ge_1e10	10	234	0.92918568	1.98733274	-3.30121825
23	11	x_ge_1e10	25	234	0.96026928	1.50402523	-1.96833379
23	11	x_ge_1e13	1	78	0.717477644	3.90411446	-3.80513699
23	11	x_ge_1e13	3	78	0.861120145	2.79095438	-1.75846364
23	11	x_ge_1e13	10	78	0.915471676	2.2030497	-3.30121825
23	11	x_ge_1e13	25	78	0.944131292	1.80521922	-1.96833379
23	11	top_decade	1	53	0.436995778	3.44870007	-3.80513699
23	11	top_decade	3	53	0.628918948	2.84778857	-1.75846364
23	11	top_decade	10	53	0.810587214	2.14428123	-3.30121825
23	11	top_decade	25	53	0.855613758	1.89809561	-1.96833379
23	14	full	1	438	0.696902457	3.70722511	-4.48737807
23	14	full	3	438	0.858234848	2.65261696	-2.79388652
23	14	full	10	438	0.924816563	1.98009501	-4.96945618
23	14	full	25	438	0.961940848	1.43635843	-2.44192511
23	14	x_ge_1e10	1	234	0.54926976	4.26295116	-4.48737807
23	14	x_ge_1e10	3	234	0.842192218	2.74006333	-2.79388652
23	14	x_ge_1e10	10	234	0.912952115	2.08090621	-4.96945618
23	14	x_ge_1e10	25	234	0.961880215	1.40017417	-2.44192511
23	14	x_ge_1e13	1	78	0.464577491	4.36511536	-4.48737807
23	14	x_ge_1e13	3	78	0.787484495	2.99773992	-2.79388652
23	14	x_ge_1e13	10	78	0.888516785	2.23472407	-4.96945618
23	14	x_ge_1e13	25	78	0.946406315	1.57136932	-2.44192511
23	14	top_decade	1	53	0.389859075	4.22113555	-4.48737807
23	14	top_decade	3	53	0.71298662	3.21472556	-2.79388652
23	14	top_decade	10	53	0.878735849	2.16987307	-4.96945618
23	14	top_decade	25	53	0.921484767	1.76685171	-2.44192511
23	15	full	1	438	0.711156338	3.42855435	-4.35637983
23	15	full	3	438	0.859076492	2.49617695	-1.1999063
23	15	full	10	438	0.916621227	1.95702424	-2.56140094
23	15	full	25	438	0.957015239	1.42830554	-1.09579401
23	15	x_ge_1e10	1	234	0.643734973	3.52456047	-4.35637983
23	15	x_ge_1e10	3	234	0.849799649	2.42928077	-1.1999063
23	15	x_ge_1e10	10	234	0.908107484	1.93174827	-2.56140094
23	15	x_ge_1e10	25	234	0.951864016	1.41639797	-1.09579401
23	15	x_ge_1e13	1	78	0.586107562	3.77593732	-4.35637983
23	15	x_ge_1e13	3	78	0.862962044	2.32664702	-1.1999063
23	15	x_ge_1e13	10	78	0.909650599	1.9158246	-2.56140094
23	15	x_ge_1e13	25	78	0.939237934	1.58260225	-1.09579401
23	15	top_decade	1	53	0.368699781	2.81901932	-4.35637983
23	15	top_decade	3	53	0.719917139	2.15208769	-1.1999063
23	15	top_decade	10	53	0.771548338	1.93317472	-2.56140094
23	15	top_decade	25	53	0.846576274	1.6108673	-1.09579401
23	17	full	1	438	0.820143773	3.67094525	-2.86037878
23	17	full	3	438	0.917077958	2.56311074	0.367384599
23	17	full	10	438	0.951795026	1.98003799	-0.194414077
23	17	full	25	438	0.974300212	1.46568565	-0.422994963
23	17	x_ge_1e10	1	234	0.693229892	4.08865779	-2.86037878
23	17	x_ge_1e10	3	234	0.8883114	2.59172245	0.367384599
23	17	x_ge_1e10	10	234	0.933092104	2.03245013	-0.194414077
23	17	x_ge_1e10	25	234	0.96614857	1.45918047	-0.422994963
23	17	x_ge_1e13	1	78	0.462348664	4.55555639	-2.86037878
23	17	x_ge_1e13	3	78	0.86017741	2.62258206	0.367384599
23	17	x_ge_1e13	10	78	0.926510346	1.93485959	-0.194414077
23	17	x_ge_1e13	25	78	0.954834583	1.53014165	-0.422994963
23	17	top_decade	1	53	0.166581375	4.14818707	-2.86037878
23	17	top_decade	3	53	0.715567861	2.8241601	0.367384599
23	17	top_decade	10	53	0.85626678	2.08638479	-0.194414077
23	17	top_decade	25	53	0.911812597	1.6570374	-0.422994963
23	19	full	1	438	0.773854199	4.05023828	-2.00645666
23	19	full	3	438	0.908450352	2.67878829	0.386163728
23	19	full	10	438	0.955422554	1.90628998	-0.803216545
23	19	full	25	438	0.974565004	1.45739504	-0.448137372
23	19	x_ge_1e10	1	234	0.733514138	4.12330139	-2.00645666
23	19	x_ge_1e10	3	234	0.901650883	2.62311987	0.386163728
23	19	x_ge_1e10	10	234	0.951029381	1.88659149	-0.803216545
23	19	x_ge_1e10	25	234	0.973769923	1.39443297	-0.448137372
23	19	x_ge_1e13	1	78	0.578789804	4.49033109	-2.00645666
23	19	x_ge_1e13	3	78	0.880491373	2.60832854	0.386163728
23	19	x_ge_1e13	10	78	0.947429687	1.78129618	-0.803216545
23	19	x_ge_1e13	25	78	0.966339794	1.43869587	-0.448137372
23	19	top_decade	1	53	0.72964331	3.10763991	-2.00645666
23	19	top_decade	3	53	0.892923036	2.03065341	0.386163728
23	19	top_decade	10	53	0.935548119	1.60615927	-0.803216545
23	19	top_decade	25	53	0.952246473	1.39961187	-0.448137372
23	20	full	1	438	0.78296247	3.32177386	-6.85031978
23	20	full	3	438	0.883109115	2.51057458	-3.04048217
23	20	full	10	438	0.935707432	1.90057656	-3.18823269
23	20	full	25	438	0.964402648	1.43796491	-2.72885954
23	20	x_ge_1e10	1	234	0.758265781	3.60033674	-6.85031978
23	20	x_ge_1e10	3	234	0.882926378	2.59269352	-3.04048217
23	20	x_ge_1e10	10	234	0.939204405	1.90578564	-3.18823269
23	20	x_ge_1e10	25	234	0.969300217	1.37200663	-2.72885954
23	20	x_ge_1e13	1	78	0.716199816	3.84166116	-6.85031978
23	20	x_ge_1e13	3	78	0.891067073	2.50014885	-3.04048217
23	20	x_ge_1e13	10	78	0.942862015	1.88096491	-3.18823269
23	20	x_ge_1e13	25	78	0.967623549	1.4663523	-2.72885954
23	20	top_decade	1	53	0.819397555	3.1690596	-6.85031978
23	20	top_decade	3	53	0.902770483	2.40905456	-3.04048217
23	20	top_decade	10	53	0.954092346	1.74075397	-3.18823269
23	20	top_decade	25	53	0.964701477	1.55865321	-2.72885954
23	21	full	1	438	0.827378559	3.47457144	-6.15629161
23	21	full	3	438	0.9129334	2.53168565	-4.19666905
23	21	full	10	438	0.953550218	1.88228128	-3.44025831
23	21	full	25	438	0.970581989	1.51213474	-1.12551786
23	21	x_ge_1e10	1	234	0.791795326	3.64043482	-6.15629161
23	21	x_ge_1e10	3	234	0.90464895	2.55176675	-4.19666905
23	21	x_ge_1e10	10	234	0.950248688	1.88417617	-3.44025831
23	21	x_ge_1e10	25	234	0.968492946	1.51279107	-1.12551786
23	21	x_ge_1e13	1	78	0.723451892	3.51068192	-6.15629161
23	21	x_ge_1e13	3	78	0.884170506	2.40067839	-4.19666905
23	21	x_ge_1e13	10	78	0.923345883	2.00056141	-3.44025831
23	21	x_ge_1e13	25	78	0.950416139	1.6304205	-1.12551786
23	21	top_decade	1	53	0.636151884	3.31485107	-6.15629161
23	21	top_decade	3	53	0.846147237	2.26667579	-4.19666905
23	21	top_decade	10	53	0.904940332	1.82902685	-3.44025831
23	21	top_decade	25	53	0.939427308	1.50313527	-1.12551786
23	22	full	1	438	0.805586869	3.59341998	-6.48946544
23	22	full	3	438	0.896107517	2.69097526	-4.84363978
23	22	full	10	438	0.943738063	2.01438917	-3.16650786
23	22	full	25	438	0.969280178	1.50782412	-2.32153549
23	22	x_ge_1e10	1	234	0.708806542	3.52406315	-6.48946544
23	22	x_ge_1e10	3	234	0.865518843	2.50254859	-4.84363978
23	22	x_ge_1e10	10	234	0.91604994	2.00902915	-3.16650786
23	22	x_ge_1e10	25	234	0.959489574	1.41901952	-2.32153549
23	22	x_ge_1e13	1	78	0.31526736	3.09633773	-6.48946544
23	22	x_ge_1e13	3	78	0.658513846	2.27235099	-4.84363978
23	22	x_ge_1e13	10	78	0.783861408	1.87597602	-3.16650786
23	22	x_ge_1e13	25	78	0.852988525	1.58088493	-2.32153549
23	22	top_decade	1	53	0.0380186436	3.1745378	-6.48946544
23	22	top_decade	3	53	0.576842782	2.50470416	-4.84363978
23	22	top_decade	10	53	0.740395797	2.06055822	-3.16650786
23	22	top_decade	25	53	0.826435845	1.72780595	-2.32153549
