q	spectral_order	conrey_m	conductor	character_order	zero_index_for_character	gamma	chi_minus_one_phase_turns	rms_top_decade	correlation_with_observed_centered
7	1	5	7	6	1	2.50937455292912	1/2	1.11264386	0.670617712
7	2	2	7	3	1	4.35640162473628	0	0	nan
7	3	6	7	2	1	4.47573828372868	1/2	0.636011777	0.427779533
7	4	3	7	6	1	5.19811619946655	1/2	0.548594376	0.107503401
7	5	4	7	3	1	6.20123004275588	0	0	nan
7	6	6	7	2	2	6.84549171249138	1/2	0.414416535	0.145861068
7	7	5	7	6	2	7.48493173971596	1/2	0.375849003	0.254110098
7	8	4	7	3	2	7.92743089809204	0	0	nan
7	9	3	7	6	2	8.41361099147118	1/2	0.335078283	0.301102006
7	10	2	7	3	2	8.78555471449908	0	0	nan
7	11	5	7	6	3	9.89354379409772	1/2	0.284733944	-0.201557853
7	12	3	7	6	3	9.97989590209139	1/2	0.287120943	0.225868653
7	13	2	7	3	3	10.7361199874934	0	0	nan
7	14	4	7	3	3	11.0104448620725	0	0	nan
7	15	6	7	2	3	11.1601845431195	1/2	0.255513975	0.0577003423
7	16	5	7	6	4	12.2574248864892	1/2	0.230523727	0.107086876
7	17	6	7	2	4	12.4896033430331	1/2	0.226651886	0.130659271
7	18	2	7	3	4	12.5325478226863	0	0	nan
7	19	4	7	3	4	13.8298678998614	0	0	nan
7	20	3	7	6	4	13.8545428744815	1/2	0.20015391	-0.0753622599
7	21	5	7	6	5	14.1350777590378	1/2	0.196002242	0.120297135
7	22	6	7	2	5	15.1128822587438	1/2	0.188179902	0.13481336
7	23	3	7	6	5	15.7468694076394	1/2	0.178596124	0.0560431296
7	24	2	7	3	5	15.937448204688	0	0	nan
7	25	4	7	3	5	16.0137271341504	0	0	nan
7	26	6	7	2	6	16.8028764757289	1/2	0.167240942	-0.0757040337
7	27	3	7	6	6	17.1614165437061	1/2	0.161806195	0.106964353
7	28	2	7	3	6	17.6160531988765	0	0	nan
7	29	5	7	6	6	17.7140925615312	1/2	0.158582769	0.219147799
7	30	4	7	3	6	18.044857542174	0	0	nan
7	31	5	7	6	7	18.8890976001759	1/2	0.148234726	0.206182774
7	32	4	7	3	7	19.1138857194896	0	0	nan
7	33	6	7	2	7	19.61187805669	1/2	0.144022642	-0.00408820899
7	34	3	7	6	7	19.6512242332336	1/2	0.143967932	0.141765822
7	35	2	7	3	7	20.030558985082	0	0	nan
7	36	5	7	6	8	20.6048191149125	1/2	0.138392351	0.0734595325
7	37	2	7	3	8	21.3146472441043	0	0	nan
7	38	3	7	6	8	21.6525250697964	1/2	0.12853261	-0.0168582525
7	39	6	7	2	8	21.8999137033183	1/2	0.131276309	-0.0382012395
7	40	5	7	6	9	22.6663564279247	1/2	0.126671934	-0.0387666834
7	41	4	7	3	8	22.7564059557743	0	0	nan
7	42	6	7	2	9	23.1629717997366	1/2	0.121892123	0.0585971466
7	43	2	7	3	9	23.2036724613467	0	0	nan
7	44	4	7	3	9	23.955938435168	0	0	nan
7	45	3	7	6	9	24.1546645399788	1/2	0.116145677	0.0861973709
7	46	6	7	2	10	24.4988475553563	1/2	0.114966576	0.0714981293
7	47	5	7	6	10	25.2855075285025	1/2	0.111493672	0.110066603
7	48	3	7	6	10	25.6843945857748	1/2	0.111340068	0.1190318
7	49	4	7	3	10	25.7231044061084	0	0	nan
7	50	2	7	3	10	26.1699449080198	0	0	nan
7	51	5	7	6	11	26.6604820387825	1/2	0.108085929	0.0833589838
7	52	3	7	6	11	27.1354713798093	1/2	0.105236914	-0.0474157516
7	53	6	7	2	11	27.3614775190013	1/2	0.103323022	-0.0538531986
7	54	4	7	3	11	27.4555960889749	0	0	nan
7	55	2	7	3	11	27.8733754902249	0	0	nan
7	56	2	7	3	12	28.5997937744409	0	0	nan
7	57	3	7	6	12	28.6445275380439	1/2	0.0969872614	0.0183424396
7	58	5	7	6	12	28.9972323131767	1/2	0.0982754488	0.0571913918
7	59	6	7	2	12	29.1788796663635	1/2	0.0976376941	0.0696933463
7	60	4	7	3	12	29.3385051807237	0	0	nan
7	61	5	7	6	13	30.1324405837975	1/2	0.0933648728	0.118169038
7	62	6	7	2	13	30.7218996445476	1/2	0.091177563	0.161229932
7	63	2	7	3	13	30.9195609326566	0	0	nan
7	64	4	7	3	13	31.2842645243943	0	0	nan
7	65	5	7	6	14	31.4458905825634	1/2	0.0914525508	-0.100806614
7	66	3	7	6	13	31.847746638041	1/2	0.0881157994	-0.0336988362
7	67	6	7	2	14	32.4758875915421	1/2	0.0879146251	0.0602758477
7	68	2	7	3	14	32.610088594314	0	0	nan
7	69	3	7	6	14	32.7473906328134	1/2	0.0863912192	-0.0111100615
7	70	4	7	3	14	33.6722994746427	0	0	nan
7	71	6	7	2	15	34.1112407830373	1/2	0.0821240373	0.114294962
7	72	5	7	6	15	34.3113481487195	1/2	0.0814990875	0.148550109
7	73	3	7	6	15	34.3504412216049	1/2	0.0829251276	0.127543645
7	74	4	7	3	15	34.7741949707256	0	0	nan
7	75	2	7	3	15	34.7925033955523	0	0	nan
7	76	6	7	2	16	35.311847458978	1/2	0.079980203	0.171190369
7	77	4	7	3	16	35.9731497073089	0	0	nan
7	78	5	7	6	16	36.0700410766173	1/2	0.0773231066	0.188477322
7	79	2	7	3	16	36.344755846801	0	0	nan
7	80	3	7	6	16	36.4479839870611	1/2	0.075738929	0.180096403
7	81	5	7	6	17	37.1894861868805	1/2	0.0767535901	0.111656361
7	82	3	7	6	17	37.3795316787796	1/2	0.0762100953	0.10635087
7	83	4	7	3	17	37.7869208124193	0	0	nan
7	84	2	7	3	17	38.2067554251736	0	0	nan
7	85	6	7	2	17	38.3646373360314	1/2	0.0729917146	0.133846379
7	86	5	7	6	18	38.5889506254693	1/2	0.0734579077	0.0337062596
7	87	2	7	3	18	39.3384831464856	0	0	nan
7	88	6	7	2	18	39.4825787466619	1/2	0.0700909496	0.0637138739
7	89	3	7	6	18	39.5746722382835	1/2	0.0699954582	-0.03997191
7	90	4	7	3	18	40.2245663588281	0	0	nan
7	91	2	7	3	19	40.4764716251922	0	0	nan
7	92	5	7	6	19	40.6904171080072	1/2	0.0703924551	0.103582495
7	93	6	7	2	19	40.7103286516539	1/2	0.0690311071	0.0934974903
7	94	3	7	6	19	41.6336901684972	1/2	0.0680495689	-0.0105908884
7	95	4	7	3	19	41.9091379319638	0	0	nan
7	96	5	7	6	20	41.9964090777524	1/2	0.0666239883	-0.0331686326
7	97	6	7	2	20	42.3048575876427	1/2	0.0664133789	0.0278070487
7	98	4	7	3	20	42.712631171691	0	0	nan
7	99	3	7	6	20	43.3304441122761	1/2	0.0649487345	0.127924069
7	100	2	7	3	20	43.5394811569023	0	0	nan
7	101	6	7	2	21	43.9318542874271	1/2	0.064506905	0.157522584
7	102	5	7	6	21	44.1609520478129	1/2	0.0631997136	0.0319387471
7	103	3	7	6	21	44.2592571948378	1/2	0.0628837209	-0.029952236
7	104	2	7	3	21	44.5957715347794	0	0	nan
7	105	4	7	3	21	44.9771995909626	0	0	nan
7	106	3	7	6	22	45.4639516394346	1/2	0.0633491868	0.059145921
7	107	5	7	6	22	45.955622511766	1/2	0.0621057923	-0.00425817885
7	108	4	7	3	22	46.0867743907851	0	0	nan
7	109	2	7	3	22	46.0960986530166	0	0	nan
7	110	6	7	2	22	46.1943274274058	1/2	0.0604186099	0.0466019918
7	111	5	7	6	23	46.9612266700034	1/2	0.0599444308	0.162105651
7	112	6	7	2	23	47.2985853402767	1/2	0.0594286714	0.00494767764
7	113	4	7	3	23	47.3488008532672	0	0	nan
7	114	2	7	3	23	47.4915592403489	0	0	nan
7	115	3	7	6	23	47.758291071615	1/2	0.059122629	0.158028356
7	116	5	7	6	24	48.5732453947463	1/2	0.0587764768	-0.0564691354
7	117	2	7	3	24	49.1264751496984	0	0	nan
7	118	6	7	2	24	49.2358942624163	1/2	0.0571983199	0.00952153572
7	119	5	7	6	25	49.5185762692014	1/2	0.0561881293	-0.0191954208
7	120	3	7	6	24	49.5435556039186	1/2	0.0575935578	-0.0512992504
7	121	4	7	3	24	50.0173262852415	0	0	nan
7	122	2	7	3	25	50.6252476417031	0	0	nan
7	123	3	7	6	25	50.9733125215919	1/2	0.0550473664	0.118420146
7	124	6	7	2	25	50.9830994349479	1/2	0.0556355543	0.116043527
7	125	4	7	3	25	51.267236570558	0	0	nan
8	1	3	8	2	1	3.57615483678759	1/2	0.807139646	0.524953618
8	2	5	8	2	1	4.89997399700704	0	0	nan
8	3	7	4	2	1	6.0209489046976	1/2	0.46792687	0.271774238
8	4	3	8	2	2	7.43447295737022	1/2	0.38171917	0.317913638
8	5	5	8	2	2	7.6284288417694	0	0	nan
8	6	3	8	2	3	9.50320196197291	1/2	0.30046838	0.206646003
8	7	7	4	2	2	10.2437703041666	1/2	0.280791402	0.425026091
8	8	5	8	2	3	10.8065881638617	0	0	nan
8	9	5	8	2	4	12.3105429942365	0	0	nan
8	10	3	8	2	4	12.3405011590722	1/2	0.22942422	0.161262332
8	11	7	4	2	3	12.9880980123124	1/2	0.219478332	-0.0509189028
8	12	3	8	2	5	14.4909719281605	1/2	0.195567334	0.232506008
8	13	5	8	2	5	15.1957542506451	0	0	nan
8	14	3	8	2	6	16.1646936675634	1/2	0.175728396	0.148753793
8	15	7	4	2	4	16.3426071045872	1/2	0.175383518	0.211439966
8	16	5	8	2	6	17.0222859743083	0	0	nan
8	17	7	4	2	5	18.2919931961235	1/2	0.153701925	0.255859742
8	18	5	8	2	7	18.8059589077071	0	0	nan
8	19	3	8	2	7	19.0864416600648	1/2	0.147298095	0.231495565
8	20	3	8	2	8	20.0736384230681	1/2	0.140671323	0.122241885
8	21	5	8	2	8	21.1316459622213	0	0	nan
8	22	7	4	2	6	21.4506113439835	1/2	0.130156058	0.0343341145
8	23	3	8	2	9	22.3746675682961	1/2	0.12833797	-0.0333409302
8	24	5	8	2	9	23.0838499962005	0	0	nan
8	25	7	4	2	7	23.2783765204595	1/2	0.118283497	0.00673507854
8	26	5	8	2	10	24.2019635578156	0	0	nan
8	27	3	8	2	10	24.4196482200606	1/2	0.115291989	0.119380452
8	28	7	4	2	8	25.7287564250887	1/2	0.108625801	0.0850049437
8	29	3	8	2	11	26.0894705931905	1/2	0.109433006	0.103647573
8	30	5	8	2	11	26.9585351803805	0	0	nan
8	31	3	8	2	12	27.518125914414	1/2	0.103493131	-0.00739610211
8	32	5	8	2	12	28.0974449606308	0	0	nan
8	33	7	4	2	9	28.3596343430253	1/2	0.0983043532	-0.0143194096
8	34	7	4	2	10	29.6563840145932	1/2	0.0949592151	0.11482926
8	35	3	8	2	13	29.8577919210264	1/2	0.0939263174	0.161039668
8	36	5	8	2	13	29.9307642101519	0	0	nan
8	37	3	8	2	14	31.4520134541404	1/2	0.0905524225	0.139048119
8	38	5	8	2	14	31.638139491321	0	0	nan
8	39	3	8	2	15	32.5323340065746	1/2	0.0858770069	-0.0118987297
8	40	7	4	2	11	32.5921865271172	1/2	0.0875112232	0.0909640925
8	41	5	8	2	15	33.8456308951584	0	0	nan
8	42	7	4	2	12	34.1999575092131	1/2	0.0822472629	0.0677748934
8	43	5	8	2	16	34.74577700617	0	0	nan
8	44	3	8	2	16	34.9825675371287	1/2	0.0806601022	0.138880657
8	45	7	4	2	13	36.1428804583031	1/2	0.0773224869	0.092003625
8	46	3	8	2	17	36.2311603399547	1/2	0.077930662	-0.0371900439
8	47	5	8	2	17	36.5416638517746	0	0	nan
8	48	3	8	2	18	38.0617400808002	1/2	0.0736516867	-0.0405537052
8	49	7	4	2	14	38.5119231417187	1/2	0.0738822991	-0.0651582055
8	50	5	8	2	18	38.7755777738701	0	0	nan
8	51	3	8	2	19	39.1675068124149	1/2	0.0722811886	0.0289458824
8	52	5	8	2	19	39.7868809976666	0	0	nan
8	53	7	4	2	15	40.3226740666905	1/2	0.0702313903	-0.11176649
8	54	5	8	2	20	41.3422061644219	0	0	nan
8	55	3	8	2	20	41.539815955118	1/2	0.0685350846	0.0634809085
8	56	7	4	2	16	41.8070846200046	1/2	0.0667347055	0.0363909028
8	57	3	8	2	21	42.7526154771597	1/2	0.066036873	0.0803509334
8	58	5	8	2	21	43.2274848641477	0	0	nan
8	59	3	8	2	22	43.9346152766521	1/2	0.06443252	-0.0201686062
8	60	7	4	2	17	44.6178910586623	1/2	0.0638627567	0.0280899862
8	61	5	8	2	22	44.7317275168464	0	0	nan
8	62	7	4	2	18	45.5995843967916	1/2	0.060856006	0.00894089113
8	63	3	8	2	23	45.9510335880282	1/2	0.062475251	0.0352391727
8	64	5	8	2	23	46.5394018271776	0	0	nan
8	65	5	8	2	24	47.133310109318	0	0	nan
8	66	3	8	2	24	47.6209798877568	1/2	0.0598130273	0.0449153228
8	67	7	4	2	19	47.7415622809391	1/2	0.0598007041	-0.0145889591
8	68	3	8	2	25	48.7406879321553	1/2	0.0575534321	0.120544669
8	69	7	4	2	20	49.7231293237826	1/2	0.0562992041	0.179186833
8	70	5	8	2	25	49.7290329937547	0	0	nan
8	71	7	4	2	21	51.6860934528705	1/2	0.0556858739	-0.00337651521
8	72	7	4	2	22	52.7688207678047	1/2	0.0530672687	0.106666445
8	73	7	4	2	23	55.2675435846992	1/2	0.0512198602	0.0867147539
8	74	7	4	2	24	56.9343740552023	1/2	0.0495802027	0.00528643391
8	75	7	4	2	25	58.1167071106739	1/2	0.0479734438	0.150331761
11	1	7	11	10	1	1.23118824094645	1/2	2.11583085	0.698002045
11	2	10	11	2	1	2.47724371122923	1/2	1.07963537	0.0172695415
11	3	9	11	5	1	2.69600408486917	0	0	nan
11	4	6	11	10	1	3.4149218793222	1/2	0.758647482	0.387831963
11	5	2	11	10	1	3.54704109171945	1/2	0.824624655	0.0578101006
11	6	3	11	5	1	3.61004043148168	0	0	nan
11	7	5	11	5	1	4.62935366251112	0	0	nan
11	8	7	11	10	2	4.96271516380562	1/2	0.569837924	-0.295175816
11	9	8	11	10	1	5.07031637930817	1/2	0.561634014	0.414302616
11	10	4	11	5	1	5.13369962695378	0	0	nan
11	11	6	11	10	2	5.27308657584209	1/2	0.536003251	0.510241719
11	12	3	11	5	2	6.03180930269415	0	0	nan
11	13	2	11	10	2	6.63073045048494	1/2	0.423826817	0.47307919
11	14	4	11	5	2	6.70621979183663	0	0	nan
11	15	10	11	2	2	6.80070840838652	1/2	0.413649329	0.203704318
11	16	8	11	10	2	6.85188812449088	1/2	0.412407472	0.380162927
11	17	9	11	5	2	7.2069264712991	0	0	nan
11	18	5	11	5	2	7.66185762868686	0	0	nan
11	19	2	11	10	3	7.88643465920151	1/2	0.357314012	-0.101095219
11	20	7	11	10	3	8.08939114538406	1/2	0.343466756	-0.0552736774
11	21	9	11	5	3	8.70416106591156	0	0	nan
11	22	6	11	10	3	8.95354546437232	1/2	0.311401238	-0.0668172286
11	23	10	11	2	3	8.97128436849938	1/2	0.303870482	-0.149728187
11	24	4	11	5	3	9.00571290995861	0	0	nan
11	25	5	11	5	3	9.32576278595563	0	0	nan
11	26	8	11	10	3	9.42882532201291	1/2	0.296866612	0.0128153436
11	27	3	11	5	3	9.96898659746401	0	0	nan
11	28	10	11	2	4	10.1083373573928	1/2	0.27173258	-0.00419285415
11	29	7	11	10	4	10.4500536382022	1/2	0.275442143	0.20910126
11	30	3	11	5	4	10.9193669139813	0	0	nan
11	31	6	11	10	4	11.0091900925203	1/2	0.255323057	0.13630824
11	32	5	11	5	4	11.0860409073497	0	0	nan
11	33	8	11	10	4	11.2599860491396	1/2	0.253942331	0.0269618465
11	34	9	11	5	4	11.2757962419735	0	0	nan
11	35	2	11	10	4	11.5940642625488	1/2	0.242727954	0.115813313
11	36	7	11	10	5	12.1150698069033	1/2	0.232583486	-0.0134039561
11	37	4	11	5	4	12.2462085198925	0	0	nan
11	38	9	11	5	5	12.6232961714234	0	0	nan
11	39	6	11	10	5	12.7316340375587	1/2	0.221693287	0.13099303
11	40	3	11	5	5	12.9364364038436	0	0	nan
11	41	10	11	2	5	13.0401153288172	1/2	0.214482323	-0.14672162
11	42	2	11	10	5	13.3302274378822	1/2	0.211285338	0.153009263
11	43	7	11	10	6	13.4376575264371	1/2	0.207668958	-0.138568185
11	44	4	11	5	5	13.4583050309941	0	0	nan
11	45	8	11	10	5	14.3166475993234	1/2	0.195245726	0.122162413
11	46	5	11	5	5	14.3913452099137	0	0	nan
11	47	2	11	10	6	14.6740321610182	1/2	0.193600295	0.0976565023
11	48	6	11	10	6	14.9482704732158	1/2	0.191980721	-0.0352145815
11	49	3	11	5	6	14.9939761948952	0	0	nan
11	50	10	11	2	6	15.1091582466902	1/2	0.187318332	0.0601271484
11	51	9	11	5	6	15.1691052826419	0	0	nan
11	52	8	11	10	6	15.6812512053134	1/2	0.178908498	0.0418261146
11	53	5	11	5	6	15.9570147394068	0	0	nan
11	54	4	11	5	6	16.0003657090334	0	0	nan
11	55	6	11	10	7	16.0033537128112	1/2	0.176630493	-0.00635718622
11	56	2	11	10	7	16.6429236351794	1/2	0.173301847	-0.0244062405
11	57	7	11	10	7	16.9497897822311	1/2	0.167228085	0.0355023567
11	58	10	11	2	7	16.9907107010301	1/2	0.164429541	-0.0131485866
11	59	5	11	5	7	17.0589877129009	0	0	nan
11	60	4	11	5	7	17.0832142814737	0	0	nan
11	61	3	11	5	7	17.3310858599235	0	0	nan
11	62	8	11	10	7	17.4316179352257	1/2	0.161200214	-0.0561105136
11	63	9	11	5	7	17.6880760379108	0	0	nan
11	64	7	11	10	8	17.8748132976353	1/2	0.161752432	0.044691021
11	65	8	11	10	8	18.5278893778711	1/2	0.151610264	0.00473709418
11	66	2	11	10	8	18.7495375665351	1/2	0.153251488	-0.0594409986
11	67	4	11	5	8	18.7584300058465	0	0	nan
11	68	10	11	2	8	18.7972465361627	1/2	0.148179487	-0.0519107398
11	69	9	11	5	8	18.8934417356935	0	0	nan
11	70	3	11	5	8	19.0098402146534	0	0	nan
11	71	6	11	10	8	19.2389066091818	1/2	0.147544424	0.0663179941
11	72	5	11	5	8	19.5075288068319	0	0	nan
11	73	7	11	10	9	19.8301285605332	1/2	0.142553238	0.0603850925
11	74	9	11	5	9	19.9906260243439	0	0	nan
11	75	10	11	2	9	20.0675933286461	1/2	0.14052282	0.00830692838
11	76	2	11	10	9	20.5079761828687	1/2	0.138923233	-0.0317406417
11	77	6	11	10	9	20.5790557747238	1/2	0.13779994	0.0224125144
11	78	5	11	5	9	20.6126505437233	0	0	nan
11	79	3	11	5	9	20.97103280651	0	0	nan
11	80	7	11	10	10	21.3203937163111	1/2	0.133371673	0.0166637613
11	81	4	11	5	9	21.5820113991724	0	0	nan
11	82	8	11	10	9	21.5980882588142	1/2	0.132804929	-0.030900805
11	83	10	11	2	10	21.6381778182766	1/2	0.129327078	0.00156420191
11	84	6	11	10	10	21.8848975724834	1/2	0.130926179	0.0440740821
11	85	9	11	5	10	22.1571413913331	0	0	nan
11	86	3	11	5	10	22.42170734775	0	0	nan
11	87	8	11	10	10	22.8388540633806	1/2	0.125754558	0.0675463855
11	88	2	11	10	10	22.9592939337888	1/2	0.124885839	-0.0460388012
11	89	7	11	10	11	23.1033652408199	1/2	0.1204186	-0.0514491919
11	90	4	11	5	10	23.1034660824507	0	0	nan
11	91	5	11	5	10	23.1390786057828	0	0	nan
11	92	3	11	5	11	23.1933045370796	0	0	nan
11	93	6	11	10	11	23.3880412101392	1/2	0.118063209	0.0487917417
11	94	2	11	10	11	23.6236992098658	1/2	0.122550666	0.0417608169
11	95	9	11	5	11	24.3366163436614	0	0	nan
11	96	4	11	5	11	24.397684653629	0	0	nan
11	97	8	11	10	11	24.4581958121531	1/2	0.116137741	-0.0775143612
11	98	10	11	2	11	24.6728368610955	1/2	0.114800676	-0.0302150876
11	99	7	11	10	12	24.710602022377	1/2	0.113677908	0.0843762114
11	100	5	11	5	11	24.7208357885528	0	0	nan
11	101	6	11	10	12	25.2948566360695	1/2	0.111887206	0.139922941
11	102	2	11	10	12	25.3897636911343	1/2	0.111642278	-0.143966103
11	103	4	11	5	12	25.5641738367655	0	0	nan
11	104	10	11	2	12	25.6859624354173	1/2	0.111351006	0.171409316
11	105	9	11	5	12	25.8562373758102	0	0	nan
11	106	3	11	5	12	26.2481224722659	0	0	nan
11	107	8	11	10	12	26.3284490377683	1/2	0.105745385	-0.0733310237
11	108	2	11	10	13	26.6702849680901	1/2	0.107459847	0.190059499
11	109	5	11	5	12	26.6845291627304	0	0	nan
11	110	10	11	2	13	26.7868956841225	1/2	0.104766431	-0.0934377929
11	111	7	11	10	13	27.1954976115768	1/2	0.102844859	0.0647618791
11	112	5	11	5	13	27.225918126689	0	0	nan
11	113	9	11	5	13	27.3971486499788	0	0	nan
11	114	8	11	10	13	27.4072571775345	1/2	0.103098184	0.173871291
11	115	6	11	10	13	27.6123169209057	1/2	0.103133519	0.209694851
11	116	3	11	5	13	27.6765610209669	0	0	nan
11	117	4	11	5	13	27.8437779544669	0	0	nan
11	118	7	11	10	14	28.4134983437045	1/2	0.100515228	0.157387705
11	119	6	11	10	14	28.4508199966808	1/2	0.0976294164	-0.0542076422
11	120	10	11	2	14	28.8323430012783	1/2	0.0966396372	-0.0191639148
11	121	5	11	5	14	28.8388006328743	0	0	nan
11	122	8	11	10	14	28.9477717057058	1/2	0.0968229313	0.111811888
11	123	9	11	5	14	28.9996374398845	0	0	nan
11	124	4	11	5	14	29.2033541514665	0	0	nan
11	125	3	11	5	14	29.2136969651108	0	0	nan
11	126	2	11	10	14	29.5592015112794	1/2	0.0954478303	0.123063263
11	127	7	11	10	15	29.5721960629639	1/2	0.0953209709	0.102294482
11	128	10	11	2	15	29.9746911725413	1/2	0.0940563569	0.034962448
11	129	3	11	5	15	30.1474014262109	0	0	nan
11	130	9	11	5	15	30.5052692755896	0	0	nan
11	131	2	11	10	15	30.6153153985359	1/2	0.0913414982	-0.0437310114
11	132	6	11	10	15	30.7588543437974	1/2	0.0932570768	-0.0266883518
11	133	7	11	10	16	30.861311923358	1/2	0.0929669443	0.0366975357
11	134	8	11	10	15	31.2294090120407	1/2	0.0925162719	0.0385012595
11	135	4	11	5	15	31.2586524073545	0	0	nan
11	136	9	11	5	16	31.3284553413663	0	0	nan
11	137	5	11	5	15	31.4242752331106	0	0	nan
11	138	2	11	10	16	31.767042927142	1/2	0.086767053	-0.0283569372
11	139	6	11	10	16	31.8740330811639	1/2	0.0868298697	0.00445341007
11	140	10	11	2	16	32.109917240815	1/2	0.0896431131	-0.0771046078
11	141	3	11	5	16	32.2732432720808	0	0	nan
11	142	4	11	5	16	32.667009118234	0	0	nan
11	143	6	11	10	17	32.7999851121498	1/2	0.0858764015	0.0795631329
11	144	5	11	5	16	32.8376007547443	0	0	nan
11	145	7	11	10	17	32.885780286898	1/2	0.0863508971	-0.0688410477
11	146	8	11	10	16	33.1788425890016	1/2	0.0854815721	0.0591968795
11	147	3	11	5	17	33.4041412695233	0	0	nan
11	148	10	11	2	17	33.5228026453332	1/2	0.0840386733	-0.0223162571
11	149	2	11	10	17	33.6091844151286	1/2	0.0836700447	0.033538865
11	150	8	11	10	17	33.9914030298752	1/2	0.0833025988	0.0170929426
11	151	5	11	5	17	33.9926287588983	0	0	nan
11	152	4	11	5	17	34.0999103806026	0	0	nan
11	153	9	11	5	17	34.5972204305548	0	0	nan
11	154	6	11	10	18	34.723459926283	1/2	0.0809395183	0.00231664322
11	155	7	11	10	18	34.8995711772482	1/2	0.0803500152	0.0358352146
11	156	8	11	10	18	35.0151092843087	1/2	0.0803240671	-0.00787891405
11	157	2	11	10	18	35.0748181390131	1/2	0.0806561259	0.069994178
11	158	9	11	5	18	35.1035890023332	0	0	nan
11	159	3	11	5	18	35.2335825665395	0	0	nan
11	160	4	11	5	18	35.4698273548223	0	0	nan
11	161	10	11	2	18	35.4850851876173	1/2	0.079175319	0.0758639399
11	162	5	11	5	18	35.7657528915855	0	0	nan
11	163	2	11	10	19	36.1032218527657	1/2	0.0796811282	-0.0159741454
11	164	7	11	10	19	36.2030108765088	1/2	0.0796632641	0.0232203753
11	165	4	11	5	19	36.3054653363058	0	0	nan
11	166	10	11	2	19	36.6534762944705	1/2	0.0756492977	0.155640372
11	167	9	11	5	19	36.830721606502	0	0	nan
11	168	5	11	5	19	36.928180355986	0	0	nan
11	169	6	11	10	19	37.0175595439018	1/2	0.0753526302	0.144115246
11	170	8	11	10	19	37.0756980033693	1/2	0.0777183124	0.0418191896
11	171	7	11	10	20	37.2313088600717	1/2	0.0749418292	0.164157319
11	172	3	11	5	19	37.2745777994939	0	0	nan
11	173	10	11	2	20	37.6679627703801	1/2	0.0751897512	0.0339014329
11	174	9	11	5	20	37.887918946848	0	0	nan
11	175	6	11	10	20	38.3954944524281	1/2	0.0739615078	0.0707239254
11	176	8	11	10	20	38.405990131828	1/2	0.0742360435	0.0863036769
11	177	2	11	10	20	38.4215692504264	1/2	0.0741290697	0.0920963927
11	178	5	11	5	20	38.485746172955	0	0	nan
11	179	3	11	5	20	38.537390547171	0	0	nan
11	180	10	11	2	21	38.954261384329	1/2	0.0732197767	-0.0268508565
11	181	4	11	5	20	39.0891382117198	0	0	nan
11	182	6	11	10	21	39.2270573881917	1/2	0.0728334219	0.0431949559
11	183	9	11	5	21	39.4431927009473	0	0	nan
11	184	3	11	5	21	39.4781101185849	0	0	nan
11	185	7	11	10	21	39.5753258582494	1/2	0.0699700337	-0.00880817105
11	186	5	11	5	21	39.7640458039309	0	0	nan
11	187	2	11	10	21	39.9181654448469	1/2	0.072259018	-0.0174062467
11	188	7	11	10	22	39.9555959858874	1/2	0.0697341091	-0.0252421642
11	189	8	11	10	21	40.5091371634314	1/2	0.0701110822	0.0113484003
11	190	4	11	5	21	40.6093324634079	0	0	nan
11	191	6	11	10	22	40.6605806659236	1/2	0.069858353	0.0178072017
11	192	3	11	5	22	40.9289781288407	0	0	nan
11	193	9	11	5	22	41.2132750758346	0	0	nan
11	194	4	11	5	22	41.2312593156764	0	0	nan
11	195	2	11	10	22	41.3434695029506	1/2	0.068941082	0.0128385122
11	196	7	11	10	23	41.4011844239664	1/2	0.0673039309	-0.0747066715
11	197	8	11	10	22	41.45198502413	1/2	0.0692568	0.00716832051
11	198	10	11	2	22	41.4931564472297	1/2	0.067527584	0.0807416113
11	199	3	11	5	23	42.2813381913512	0	0	nan
11	200	5	11	5	22	42.3070864199504	0	0	nan
11	201	6	11	10	23	42.459172756515	1/2	0.0667743198	0.101042102
11	202	2	11	10	23	42.6012181893548	1/2	0.0662952904	-0.128493315
11	203	10	11	2	23	42.639415076307	1/2	0.0664825404	0.0364979587
11	204	9	11	5	23	42.7377646442526	0	0	nan
11	205	4	11	5	23	42.8990900135399	0	0	nan
11	206	2	11	10	24	43.1390373309845	1/2	0.0651913799	-0.0846392322
11	207	8	11	10	23	43.2823787908702	1/2	0.0656873537	0.140724289
11	208	5	11	5	23	43.3602138906967	0	0	nan
11	209	6	11	10	24	43.631920175092	1/2	0.0646517217	0.0927008615
11	210	7	11	10	24	43.8449185203766	1/2	0.0643397769	0.125793775
11	211	9	11	5	24	44.1665825698944	0	0	nan
11	212	5	11	5	24	44.1807543932131	0	0	nan
11	213	10	11	2	24	44.228662287554	1/2	0.0642142652	0.092947622
11	214	8	11	10	24	44.5031510580998	1/2	0.064887628	-0.0493155525
11	215	4	11	5	24	44.5676568060264	0	0	nan
11	216	3	11	5	24	44.8752115990799	0	0	nan
11	217	10	11	2	25	45.0344304154491	1/2	0.0613785808	0.0254495035
11	218	7	11	10	25	45.1866458713229	1/2	0.0636411774	0.0434135807
11	219	6	11	10	25	45.3042632789864	1/2	0.0618153498	-0.0333127778
11	220	4	11	5	25	45.394635943955	0	0	nan
11	221	2	11	10	25	45.5718837083285	1/2	0.0626662058	0.0433254958
11	222	8	11	10	25	45.6138353244376	1/2	0.061054374	-0.00228131769
11	223	3	11	5	25	45.6339219950654	0	0	nan
11	224	5	11	5	25	45.7587785947539	0	0	nan
11	225	9	11	5	25	45.992857876741	0	0	nan
19	1	13	19	18	1	0.0189563990802261	1/2	6.71932703	0.727600208
19	2	15	19	18	1	1.46008805795876	1/2	1.89843599	0.704416716
19	3	18	19	2	1	1.51608375316005	1/2	1.69730281	-0.735480161
19	4	11	19	3	1	1.57320808455218	0	0	nan
19	5	12	19	6	1	1.84482028253498	1/2	1.6231592	0.750195019
19	6	9	19	9	1	2.1381806344082	0	0	nan
19	7	2	19	18	1	2.3927644441546	1/2	1.10317723	0.474936548
19	8	5	19	9	1	2.73327504350404	0	0	nan
19	9	14	19	18	1	2.80964420013226	1/2	0.981458394	0.670150882
19	10	17	19	9	1	2.87454712437612	0	0	nan
19	11	10	19	18	1	3.00729064822358	1/2	0.899300209	0.602812542
19	12	6	19	9	1	3.09878079651624	0	0	nan
19	13	3	19	18	1	3.49447125473922	1/2	0.773350679	-0.35165857
19	14	16	19	9	1	3.63715141026986	0	0	nan
19	15	15	19	18	2	3.76589540074791	1/2	0.77009488	0.13441087
19	16	12	19	6	2	3.85721465144343	1/2	0.751663873	-0.0699042729
19	17	8	19	6	1	3.92233777169272	1/2	0.71166595	-0.061379525
19	18	4	19	9	1	4.27062371721823	0	0	nan
19	19	6	19	9	2	4.40326503237	0	0	nan
19	20	7	19	3	1	4.4088344509576	0	0	nan
19	21	13	19	18	2	4.62408465986037	1/2	0.597176925	0.170839225
19	22	11	19	3	2	4.63964563054553	0	0	nan
19	23	10	19	18	2	4.84402088245083	1/2	0.566461169	0.358611506
19	24	8	19	6	2	5.21098682123913	1/2	0.542376471	0.321287476
19	25	3	19	18	2	5.33088642858752	1/2	0.524046796	-0.490713577
19	26	5	19	9	2	5.36365180418947	0	0	nan
19	27	2	19	18	2	5.37011900372183	1/2	0.522331978	-0.173490923
19	28	18	19	2	2	5.47661417086706	1/2	0.514262787	0.0246322676
19	29	4	19	9	2	5.58954103716691	0	0	nan
19	30	17	19	9	2	5.65645229756621	0	0	nan
19	31	14	19	18	2	6.00945940147099	1/2	0.479812569	0.538337016
19	32	16	19	9	2	6.14473873917666	0	0	nan
19	33	7	19	3	2	6.29765489642468	0	0	nan
19	34	9	19	9	2	6.38471570653222	0	0	nan
19	35	12	19	6	3	6.59057174491198	1/2	0.430128199	0.489179012
19	36	2	19	18	3	6.59142772587324	1/2	0.429959153	0.488833273
19	37	10	19	18	3	6.6028856690541	1/2	0.427418283	0.447156181
19	38	5	19	9	3	6.6891339036829	0	0	nan
19	39	13	19	18	3	6.80199131141897	1/2	0.41382343	0.363751678
19	40	18	19	2	3	7.16067082490071	1/2	0.386966644	0.356220528
19	41	9	19	9	3	7.35639597684668	0	0	nan
19	42	15	19	18	3	7.38330721431897	1/2	0.378709468	0.203328916
19	43	4	19	9	3	7.42932535066367	0	0	nan
19	44	11	19	3	3	7.49842260072313	0	0	nan
19	45	13	19	18	4	7.63813235386394	1/2	0.368275648	-0.232729168
19	46	6	19	9	3	7.87046245161347	0	0	nan
19	47	14	19	18	3	7.90200318341974	1/2	0.355336468	0.14064506
19	48	8	19	6	3	7.91237680847372	1/2	0.35491889	0.171092585
19	49	16	19	9	3	7.96383872105274	0	0	nan
19	50	7	19	3	3	8.18725054245401	0	0	nan
19	51	3	19	18	3	8.4757649520212	1/2	0.32371201	0.177603039
19	52	17	19	9	3	8.56898944616124	0	0	nan
19	53	12	19	6	4	8.6615833445924	1/2	0.32239662	0.196693862
19	54	2	19	18	4	8.67354534726237	1/2	0.313959612	0.188685319
19	55	15	19	18	4	8.82738218161069	1/2	0.331977093	0.147734347
19	56	16	19	9	4	8.9198194922652	0	0	nan
19	57	11	19	3	4	8.97228608572294	0	0	nan
19	58	8	19	6	4	9.05044664237129	1/2	0.308117295	0.237944847
19	59	14	19	18	4	9.34296826203186	1/2	0.297456887	-0.250687265
19	60	9	19	9	4	9.37779373656853	0	0	nan
19	61	18	19	2	4	9.38332632767325	1/2	0.303985061	0.0595106113
19	62	17	19	9	4	9.52751247063341	0	0	nan
19	63	6	19	9	4	9.7847055719443	0	0	nan
19	64	4	19	9	4	9.9385382554403	0	0	nan
19	65	10	19	18	4	10.0219164377684	1/2	0.275385012	0.251847328
19	66	5	19	9	4	10.0667238543034	0	0	nan
19	67	7	19	3	4	10.1079614225299	0	0	nan
19	68	15	19	18	5	10.1311247984363	1/2	0.277436327	-0.157235667
19	69	3	19	18	4	10.1695455907029	1/2	0.283307283	0.185793136
19	70	13	19	18	5	10.194939634102	1/2	0.271828348	0.300564624
19	71	10	19	18	5	10.7495201843962	1/2	0.264420791	0.154296604
19	72	14	19	18	5	10.7505840872543	1/2	0.264406208	0.161181748
19	73	18	19	2	5	10.7858106253377	1/2	0.261615189	0.24675628
19	74	9	19	9	5	10.9717586196354	0	0	nan
19	75	6	19	9	5	10.9773208144466	0	0	nan
19	76	17	19	9	5	11.0070908946108	0	0	nan
19	77	12	19	6	5	11.0148708333293	1/2	0.254492574	0.0471316926
19	78	7	19	3	5	11.3963253997641	0	0	nan
19	79	5	19	9	5	11.41801889447	0	0	nan
19	80	11	19	3	5	11.4284329592838	0	0	nan
19	81	2	19	18	5	11.6353514501206	1/2	0.241622593	-0.129255283
19	82	3	19	18	5	11.6434871873615	1/2	0.243839692	-0.149426116
19	83	8	19	6	5	11.6521123056402	1/2	0.245789259	-0.159501163
19	84	11	19	3	6	12.090800761532	0	0	nan
19	85	4	19	9	5	12.1397886965821	0	0	nan
19	86	12	19	6	6	12.1503947714489	1/2	0.233872647	0.123014307
19	87	18	19	2	6	12.176226083346	1/2	0.231393082	0.0818706374
19	88	13	19	18	6	12.2089657944581	1/2	0.231180551	-0.0361174204
19	89	16	19	9	5	12.2192332584085	0	0	nan
19	90	15	19	18	6	12.4934327180883	1/2	0.227002557	-0.0119743593
19	91	5	19	9	6	12.6597805786845	0	0	nan
19	92	3	19	18	6	12.6668584902104	1/2	0.221232652	-0.0857307597
19	93	2	19	18	6	12.9579931667774	1/2	0.215209146	0.0966795557
19	94	6	19	9	6	12.9614837324218	0	0	nan
19	95	10	19	18	6	12.9637543216296	1/2	0.2156456	0.0842247678
19	96	17	19	9	6	13.0214471311948	0	0	nan
19	97	4	19	9	6	13.1852861799827	0	0	nan
19	98	9	19	9	6	13.2406777001699	0	0	nan
19	99	15	19	18	7	13.5112631364213	1/2	0.212544698	0.102117867
19	100	16	19	9	6	13.5235662208294	0	0	nan
19	101	8	19	6	6	13.651673001434	1/2	0.202511418	-0.0747646378
19	102	14	19	18	6	13.7513926981548	1/2	0.201009654	0.0654398903
19	103	11	19	3	7	13.7908082998518	0	0	nan
19	104	2	19	18	7	13.886795099461	1/2	0.207616115	0.0742925757
19	105	13	19	18	7	13.8996029128213	1/2	0.207618262	0.104048242
19	106	12	19	6	7	14.0287479373249	1/2	0.198266904	-0.0982596783
19	107	5	19	9	7	14.3452930629711	0	0	nan
19	108	6	19	9	7	14.4592974089733	0	0	nan
19	109	10	19	18	7	14.4649701472929	1/2	0.197828212	0.0694598315
19	110	7	19	3	6	14.5700380097287	0	0	nan
19	111	18	19	2	7	14.6958122066907	1/2	0.190129175	0.0891473165
19	112	9	19	9	7	14.7328412012517	0	0	nan
19	113	12	19	6	8	14.7818814642485	1/2	0.189789379	-0.0932930733
19	114	8	19	6	7	15.0341646777045	1/2	0.191617638	0.0466294911
19	115	14	19	18	7	15.0935826387318	1/2	0.184167533	0.0393388006
19	116	16	19	9	7	15.1547528457654	0	0	nan
19	117	7	19	3	7	15.2550283882582	0	0	nan
19	118	4	19	9	7	15.3133472401639	0	0	nan
19	119	3	19	18	7	15.3154386273385	1/2	0.187559396	-0.0386381327
19	120	17	19	9	7	15.4992657089532	0	0	nan
19	121	10	19	18	8	15.7070037828048	1/2	0.181932752	-0.0586691616
19	122	13	19	18	8	15.7530729752878	1/2	0.177951503	-0.00548654915
19	123	6	19	9	8	15.9718327041068	0	0	nan
19	124	2	19	18	8	15.9846771432665	1/2	0.176821118	0.0729966327
19	125	15	19	18	8	15.9859426018894	1/2	0.176816778	0.0731772053
19	126	5	19	9	8	16.0617578107748	0	0	nan
19	127	14	19	18	8	16.1295067678396	1/2	0.175439303	0.00887276774
19	128	8	19	6	8	16.1394760305448	1/2	0.175946335	0.0361617953
19	129	16	19	9	8	16.2317416817497	0	0	nan
19	130	17	19	9	8	16.5645289568626	0	0	nan
19	131	11	19	3	8	16.6734732907446	0	0	nan
19	132	4	19	9	8	16.6908374999943	0	0	nan
19	133	3	19	18	8	16.7720920400739	1/2	0.165627318	0.0922225991
19	134	18	19	2	8	16.8636131310139	1/2	0.165697696	-0.113713514
19	135	9	19	9	8	16.8880131177186	0	0	nan
19	136	13	19	18	9	16.9431533168177	1/2	0.168764865	0.155564115
19	137	7	19	3	8	16.9713441841244	0	0	nan
19	138	2	19	18	9	17.4019306895895	1/2	0.165119868	-0.158936743
19	139	4	19	9	9	17.4108423008573	0	0	nan
19	140	18	19	2	9	17.415448573735	1/2	0.164063593	-0.187033271
19	141	10	19	18	9	17.4947600170618	1/2	0.1642829	0.148342093
19	142	15	19	18	9	17.5113535042504	1/2	0.162918915	0.190040231
19	143	8	19	6	9	17.5158368393256	1/2	0.162138758	0.192672116
19	144	11	19	3	9	17.7147192499955	0	0	nan
19	145	12	19	6	9	17.9341650612314	1/2	0.154492801	0.10022456
19	146	9	19	9	9	18.0149300422549	0	0	nan
19	147	7	19	3	9	18.047392801597	0	0	nan
19	148	17	19	9	9	18.0721579017088	0	0	nan
19	149	5	19	9	9	18.3479929321723	0	0	nan
19	150	13	19	18	10	18.3605308153124	1/2	0.157759594	-0.118751925
19	151	16	19	9	9	18.3996085498245	0	0	nan
19	152	6	19	9	9	18.4231840722949	0	0	nan
19	153	14	19	18	9	18.4629166141866	1/2	0.15657501	0.134794262
19	154	3	19	18	9	18.4990531957061	1/2	0.149910536	0.146551119
19	155	18	19	2	10	18.7605559212764	1/2	0.152899353	-0.133407539
19	156	12	19	6	10	19.0415122721093	1/2	0.149679079	0.092716734
19	157	14	19	18	10	19.0423803040463	1/2	0.149701932	0.0945709797
19	158	5	19	9	10	19.133396743654	0	0	nan
19	159	9	19	9	10	19.1456906536566	0	0	nan
19	160	15	19	18	10	19.1490722103971	1/2	0.148637437	-0.100941046
19	161	2	19	18	10	19.1805758767837	1/2	0.147054274	-0.0744649044
19	162	11	19	3	10	19.2100473504765	0	0	nan
19	163	16	19	9	10	19.364707078272	0	0	nan
19	164	13	19	18	11	19.6145412900286	1/2	0.144010772	0.0465655419
19	165	17	19	9	10	19.8401828151561	0	0	nan
19	166	3	19	18	10	19.8581037585831	1/2	0.142195288	0.00757770609
19	167	7	19	3	10	19.8660055083014	0	0	nan
19	168	10	19	18	10	19.8876791132672	1/2	0.142314975	-0.0273351214
19	169	6	19	9	10	19.9563389118792	0	0	nan
19	170	8	19	6	10	20.0984934154824	1/2	0.141295755	-0.0302107358
19	171	12	19	6	11	20.1747867126173	1/2	0.139998438	0.0327960719
19	172	15	19	18	11	20.3010383606032	1/2	0.140272633	-0.0172298574
19	173	4	19	9	10	20.3167206116369	0	0	nan
19	174	11	19	3	11	20.3560565105797	0	0	nan
19	175	6	19	9	11	20.5002119478051	0	0	nan
19	176	9	19	9	11	20.5344311217881	0	0	nan
19	177	18	19	2	11	20.8014088341914	1/2	0.137133932	-0.0199473786
19	178	14	19	18	11	20.9422991982478	1/2	0.133944378	0.0448641723
19	179	10	19	18	11	21.0338468096781	1/2	0.133838067	-0.0455107178
19	180	2	19	18	11	21.0717235023462	1/2	0.133882298	-0.00630178392
19	181	15	19	18	12	21.0908549914418	1/2	0.135000191	0.020929982
19	182	17	19	9	11	21.0936904196737	0	0	nan
19	183	8	19	6	11	21.2336330742805	1/2	0.132744323	-0.0372834236
19	184	16	19	9	11	21.4539279659904	0	0	nan
19	185	3	19	18	11	21.4636598892328	1/2	0.130336531	0.00388387428
19	186	5	19	9	11	21.560086533678	0	0	nan
19	187	4	19	9	11	21.6348753871906	0	0	nan
19	188	12	19	6	12	21.8046210446569	1/2	0.131701957	-0.0066646302
19	189	7	19	3	11	22.0033612778963	0	0	nan
19	190	18	19	2	12	22.0118132527769	1/2	0.129184335	0.0142409655
19	191	11	19	3	12	22.0278785122832	0	0	nan
19	192	17	19	9	12	22.042430974016	0	0	nan
19	193	5	19	9	12	22.277261425065	0	0	nan
19	194	2	19	18	12	22.3142543669109	1/2	0.125512147	-0.0394490102
19	195	10	19	18	12	22.3667087631521	1/2	0.12805337	0.0234324594
19	196	6	19	9	12	22.3799252014048	0	0	nan
19	197	3	19	18	12	22.4492625167549	1/2	0.126303375	-0.00406167675
19	198	13	19	18	12	22.5718597334089	1/2	0.12706676	0.052067624
19	199	14	19	18	12	22.6797987361081	1/2	0.12512023	-0.073163294
19	200	8	19	6	12	22.7197756931472	1/2	0.122989816	-0.0453751502
19	201	9	19	9	12	22.9734837317434	0	0	nan
19	202	4	19	9	12	23.0822915277044	0	0	nan
19	203	7	19	3	12	23.0848353279483	0	0	nan
19	204	10	19	18	13	23.1215245213307	1/2	0.123810347	-0.02303914
19	205	13	19	18	13	23.25949236455	1/2	0.121411627	-0.109578546
19	206	12	19	6	13	23.3710128635479	1/2	0.11818735	0.133165306
19	207	6	19	9	13	23.3890318138001	0	0	nan
19	208	16	19	9	12	23.4025871938895	0	0	nan
19	209	5	19	9	13	23.5008957159695	0	0	nan
19	210	15	19	18	13	23.5811488322236	1/2	0.117248221	0.130923682
19	211	11	19	3	13	23.7386710669747	0	0	nan
19	212	3	19	18	13	23.8542167701629	1/2	0.116786471	-0.145257603
19	213	4	19	9	13	23.9034181314835	0	0	nan
19	214	2	19	18	13	23.9715252118784	1/2	0.116705194	0.141942925
19	215	18	19	2	13	24.1293646982513	1/2	0.117064254	0.0951312168
19	216	16	19	9	13	24.2621878765521	0	0	nan
19	217	9	19	9	13	24.3277444765954	0	0	nan
19	218	8	19	6	13	24.3367529504478	1/2	0.115749518	0.127176121
19	219	13	19	18	14	24.3730546891414	1/2	0.116480878	0.12157182
19	220	12	19	6	14	24.3899239714065	1/2	0.116182631	0.0614491153
19	221	7	19	3	13	24.5778694978948	0	0	nan
19	222	14	19	18	13	24.6952831530672	1/2	0.113562016	-0.0195193422
19	223	2	19	18	14	24.7638263822478	1/2	0.114704038	0.123652461
19	224	17	19	9	13	24.8405515479061	0	0	nan
19	225	11	19	3	14	24.9389019481857	0	0	nan
19	226	5	19	9	14	24.9571305143293	0	0	nan
19	227	18	19	2	14	25.1565760297743	1/2	0.112241859	0.118621748
19	228	10	19	18	14	25.3035152618401	1/2	0.112215362	0.0343877735
19	229	8	19	6	14	25.3349356212029	1/2	0.111788091	0.1147841
19	230	15	19	18	14	25.3882248409426	1/2	0.111580668	0.0203946872
19	231	4	19	9	14	25.5189782929674	0	0	nan
19	232	16	19	9	14	25.5898648014546	0	0	nan
19	233	14	19	18	14	25.7847019719033	1/2	0.111175339	0.0218736065
19	234	17	19	9	14	25.8074760332197	0	0	nan
19	235	9	19	9	14	25.8102237891815	0	0	nan
19	236	6	19	9	14	25.9010310326292	0	0	nan
19	237	2	19	18	15	25.9158096228314	1/2	0.107774807	0.070600999
19	238	13	19	18	15	26.0935558985648	1/2	0.108895327	0.0103296543
19	239	15	19	18	15	26.150609650537	1/2	0.108792387	0.0836672567
19	240	9	19	9	15	26.3517035633263	0	0	nan
19	241	3	19	18	14	26.3940813326913	1/2	0.106480207	-0.0137623766
19	242	12	19	6	15	26.397458842541	1/2	0.106002964	-0.021967407
19	243	7	19	3	14	26.3982120921856	0	0	nan
19	244	14	19	18	15	26.5897396649869	1/2	0.10567307	-0.00406399782
19	245	10	19	18	15	26.6013966513382	1/2	0.104414489	-0.0283155898
19	246	16	19	9	15	26.6839286581702	0	0	nan
19	247	6	19	9	15	27.0193025866481	0	0	nan
19	248	18	19	2	15	27.0316252724392	1/2	0.105325233	-0.0396435861
19	249	8	19	6	15	27.1208914693934	1/2	0.104301753	0.0277710794
19	250	4	19	9	15	27.1301608768201	0	0	nan
19	251	11	19	3	15	27.153570724713	0	0	nan
19	252	5	19	9	15	27.1685043251806	0	0	nan
19	253	17	19	9	15	27.2106263502685	0	0	nan
19	254	7	19	3	15	27.2216007043268	0	0	nan
19	255	13	19	18	16	27.3134509449498	1/2	0.103556557	0.00834338487
19	256	3	19	18	15	27.6182402340691	1/2	0.103285431	0.00883660157
19	257	8	19	6	16	27.7209298837673	1/2	0.103024318	-0.012160994
19	258	15	19	18	16	27.8067862686302	1/2	0.102681792	0.0329225046
19	259	12	19	6	16	27.8742604313351	1/2	0.100544547	-0.0483908399
19	260	18	19	2	16	27.9639949563358	1/2	0.0998198372	0.0464199689
19	261	14	19	18	16	28.008266071466	1/2	0.102373021	0.0436579101
19	262	6	19	9	16	28.0860176070842	0	0	nan
19	263	11	19	3	16	28.0976448678269	0	0	nan
19	264	7	19	3	16	28.1767313607479	0	0	nan
19	265	16	19	9	16	28.3818529502858	0	0	nan
19	266	17	19	9	16	28.4046222369051	0	0	nan
19	267	3	19	18	16	28.4234624358871	1/2	0.099386526	0.0187044253
19	268	10	19	18	16	28.4761032024852	1/2	0.0998573542	-0.0934382257
19	269	9	19	9	16	28.6557023833582	0	0	nan
19	270	13	19	18	17	28.7424268516408	1/2	0.0967587568	0.0608927762
19	271	4	19	9	16	28.757738849904	0	0	nan
19	272	2	19	18	16	28.8264261578291	1/2	0.0969351981	-0.0154218828
19	273	5	19	9	16	28.8410395315257	0	0	nan
19	274	15	19	18	17	29.1270116587845	1/2	0.096242617	0.0453537709
19	275	17	19	9	17	29.3021648038926	0	0	nan
19	276	2	19	18	17	29.3067606122284	1/2	0.0963328247	-0.0138312985
19	277	11	19	3	17	29.3172749117288	0	0	nan
19	278	18	19	2	17	29.3241220079173	1/2	0.0961168898	0.0538287683
19	279	9	19	9	17	29.4357486441747	0	0	nan
19	280	5	19	9	17	29.4737758015583	0	0	nan
19	281	10	19	18	17	29.5425593068212	1/2	0.0957715509	0.114926217
19	282	12	19	6	17	29.5980366410166	1/2	0.0956567714	0.015776584
19	283	3	19	18	17	29.6946548093246	1/2	0.0953986126	-0.0174078001
19	284	14	19	18	17	29.7369610824216	1/2	0.0951667988	0.111194735
19	285	4	19	9	17	29.9494028378006	0	0	nan
19	286	6	19	9	17	29.9730811787933	0	0	nan
19	287	18	19	2	18	30.1263268728198	1/2	0.0937142389	0.0990029852
19	288	7	19	3	17	30.2828022077365	0	0	nan
19	289	15	19	18	18	30.3754323245647	1/2	0.0938199914	0.00172069126
19	290	13	19	18	18	30.4324123891992	1/2	0.0921134012	-0.0837047854
19	291	8	19	6	17	30.4770466651	1/2	0.0936391432	0.013224275
19	292	11	19	3	18	30.5728404381565	0	0	nan
19	293	16	19	9	17	30.5793788847557	0	0	nan
19	294	12	19	6	18	30.6751110545043	1/2	0.0929627246	0.0260526768
19	295	9	19	9	18	30.7532468321009	0	0	nan
19	296	5	19	9	18	30.8301748867285	0	0	nan
19	297	10	19	18	18	30.9506940972605	1/2	0.0931416119	-0.00313434019
19	298	6	19	9	18	31.0220099349716	0	0	nan
19	299	2	19	18	18	31.0874594892028	1/2	0.0889888379	0.050780084
19	300	12	19	6	19	31.1243249138808	1/2	0.0918139744	0.0202432844
19	301	17	19	9	18	31.4310435440263	0	0	nan
19	302	14	19	18	18	31.4912606706719	1/2	0.0878901564	0.0228109397
19	303	3	19	18	18	31.5760007472392	1/2	0.0870428643	-0.029413792
19	304	8	19	6	18	31.5786985702173	1/2	0.0870478675	-0.0271962189
19	305	16	19	9	18	31.6008207000211	0	0	nan
19	306	11	19	3	19	31.60225228856	0	0	nan
19	307	15	19	18	19	31.6341344682903	1/2	0.0914365621	0.0301147283
19	308	13	19	18	19	31.8166165870901	1/2	0.0910442134	0.0269681512
19	309	4	19	9	18	31.9040933524901	0	0	nan
19	310	2	19	18	19	31.9717635232673	1/2	0.0868277424	-0.0044331692
19	311	6	19	9	19	32.0740250947677	0	0	nan
19	312	7	19	3	18	32.0899723832494	0	0	nan
19	313	5	19	9	19	32.2488492445624	0	0	nan
19	314	3	19	18	19	32.2641625531754	1/2	0.0868766153	-0.00831898055
19	315	16	19	9	19	32.3486346453407	0	0	nan
19	316	8	19	6	19	32.6200129282257	1/2	0.085793974	0.010383063
19	317	10	19	18	19	32.6650890194404	1/2	0.0873816831	-0.0271350562
19	318	14	19	18	19	32.6889383513512	1/2	0.0871643498	-0.0267929183
19	319	17	19	9	19	32.7245561977675	0	0	nan
19	320	4	19	9	19	32.8316796953852	0	0	nan
19	321	18	19	2	19	32.9041077170074	1/2	0.0851680341	-0.00336939079
19	322	12	19	6	20	33.0055690078313	1/2	0.0847658385	-0.00613235585
19	323	9	19	9	19	33.0121581072223	0	0	nan
19	324	15	19	18	20	33.109418337386	1/2	0.0844703643	0.0177328165
19	325	10	19	18	20	33.1501726351505	1/2	0.0860849189	0.0276253085
19	326	7	19	3	19	33.3537319707929	0	0	nan
19	327	6	19	9	20	33.3602343152603	0	0	nan
19	328	2	19	18	20	33.5673523952094	1/2	0.0846908952	-0.0166572725
19	329	13	19	18	20	33.601749624122	1/2	0.0837631686	-0.0456275319
19	330	8	19	6	20	33.6275335750361	1/2	0.0838322654	-0.031613478
19	331	4	19	9	20	33.8326456622881	0	0	nan
19	332	18	19	2	20	33.8752122045973	1/2	0.0840583352	0.0529054004
19	333	11	19	3	20	33.9329425657585	0	0	nan
19	334	5	19	9	20	33.9392570025919	0	0	nan
19	335	9	19	9	20	34.0270592583726	0	0	nan
19	336	14	19	18	20	34.0758695139974	1/2	0.0837191443	0.0659039967
19	337	17	19	9	20	34.1347332639203	0	0	nan
19	338	7	19	3	20	34.3233276022047	0	0	nan
19	339	13	19	18	21	34.354900328419	1/2	0.0830997285	-0.0727783305
19	340	10	19	18	21	34.3938016364182	1/2	0.0819481529	-0.0474777403
19	341	16	19	9	20	34.4864908356443	0	0	nan
19	342	3	19	18	20	34.5973723342113	1/2	0.081135127	-0.022677647
19	343	5	19	9	21	34.6382753336707	0	0	nan
19	344	12	19	6	21	34.7359727775555	1/2	0.081552914	-0.0804766395
19	345	2	19	18	21	34.8034938375089	1/2	0.0804809934	0.0167868534
19	346	18	19	2	21	34.8449568605567	1/2	0.0817419541	0.0911304933
19	347	8	19	6	21	35.162369775047	1/2	0.0807519301	-0.0591404306
19	348	7	19	3	21	35.1829457548365	0	0	nan
19	349	14	19	18	21	35.2239180857418	1/2	0.080424019	0.0931145637
19	350	4	19	9	21	35.2443028913621	0	0	nan
19	351	3	19	18	21	35.2877418848065	1/2	0.0796604017	-0.026495002
19	352	16	19	9	21	35.3379868267911	0	0	nan
19	353	11	19	3	21	35.4160761918247	0	0	nan
19	354	15	19	18	21	35.4397780878404	1/2	0.0802743114	0.0820771718
19	355	17	19	9	21	35.4818520012135	0	0	nan
19	356	9	19	9	21	35.5397518872062	0	0	nan
19	357	6	19	9	21	35.6545783728795	0	0	nan
19	358	13	19	18	22	35.7851386667011	1/2	0.0786081521	0.0660949831
19	359	2	19	18	22	35.9735274852348	1/2	0.0776985997	0.0550236456
19	360	11	19	3	22	36.1046451082252	0	0	nan
19	361	15	19	18	22	36.1632281731619	1/2	0.0767933191	0.0463339443
19	362	12	19	6	22	36.2661351118509	1/2	0.0767740785	-0.0584732667
19	363	13	19	18	23	36.2750069439583	1/2	0.0775769354	-0.0713970248
19	364	16	19	9	22	36.3358171979546	0	0	nan
19	365	4	19	9	22	36.360917937869	0	0	nan
19	366	18	19	2	22	36.3742247812696	1/2	0.077552345	0.0718878773
19	367	9	19	9	22	36.3972393326894	0	0	nan
19	368	8	19	6	22	36.5022579806659	1/2	0.0792403469	-0.0568860523
19	369	6	19	9	22	36.6903335019686	0	0	nan
19	370	5	19	9	22	36.7197427619518	0	0	nan
19	371	14	19	18	22	36.7937511922193	1/2	0.0785734239	0.0455919388
19	372	10	19	18	22	36.8753748745821	1/2	0.0780467285	-0.0575266018
19	373	15	19	18	23	37.0035020089703	1/2	0.0767249527	0.0142892147
19	374	3	19	18	22	37.1439972113938	1/2	0.0755738319	0.0473978349
19	375	17	19	9	22	37.1748209318586	0	0	nan
19	376	7	19	3	22	37.2379704092823	0	0	nan
19	377	11	19	3	23	37.3798029093216	0	0	nan
19	378	18	19	2	23	37.4081365002756	1/2	0.0746198354	-0.0148099442
19	379	9	19	9	23	37.4325392697294	0	0	nan
19	380	12	19	6	23	37.5278790458393	1/2	0.0753005932	0.0323814682
19	381	2	19	18	23	37.5955970717911	1/2	0.0743386295	-0.00629592408
19	382	17	19	9	23	37.6535868534026	0	0	nan
19	383	14	19	18	23	37.7886213211451	1/2	0.073878551	-0.00464790557
19	384	16	19	9	23	37.9280050584579	0	0	nan
19	385	10	19	18	23	38.0367313782196	1/2	0.0751509204	-0.0143434637
19	386	7	19	3	23	38.0428809051365	0	0	nan
19	387	8	19	6	23	38.0524243207644	1/2	0.0742220921	-0.00952405993
19	388	5	19	9	23	38.2449437115931	0	0	nan
19	389	6	19	9	23	38.2510293682307	0	0	nan
19	390	12	19	6	24	38.355777721539	1/2	0.0731048156	0.00156635794
19	391	3	19	18	23	38.4822426370905	1/2	0.0734135957	-0.000987343907
19	392	15	19	18	24	38.4945525472208	1/2	0.0737680282	-0.00123580305
19	393	14	19	18	24	38.5398511446157	1/2	0.0731962758	-0.000579600147
19	394	13	19	18	24	38.7319576241133	1/2	0.0729388442	-0.00389983877
19	395	6	19	9	24	38.7979405986001	0	0	nan
19	396	18	19	2	24	38.8255411818328	1/2	0.0727225455	0.00623302104
19	397	9	19	9	24	38.912177477139	0	0	nan
19	398	4	19	9	23	39.0585310719655	0	0	nan
19	399	11	19	3	24	39.0693912786775	0	0	nan
19	400	5	19	9	24	39.0853695741775	0	0	nan
19	401	10	19	18	24	39.090180346586	1/2	0.0714579881	-0.0154069326
19	402	17	19	9	24	39.1425875985018	0	0	nan
19	403	3	19	18	24	39.3134046827012	1/2	0.071887842	-0.010835459
19	404	2	19	18	24	39.4351424423924	1/2	0.0731948421	-0.00126962206
19	405	4	19	9	24	39.4367293182789	0	0	nan
19	406	15	19	18	25	39.633746808491	1/2	0.0728436066	-0.00180974661
19	407	7	19	3	24	39.7271378564465	0	0	nan
19	408	16	19	9	24	39.7525337367828	0	0	nan
19	409	8	19	6	24	39.7689441001623	1/2	0.0696479859	0.0143201469
19	410	13	19	18	25	39.9334439545404	1/2	0.0716133202	0.00049618124
19	411	6	19	9	25	39.9666784682971	0	0	nan
19	412	10	19	18	25	40.0739957719465	1/2	0.0696500265	-0.00935770832
19	413	12	19	6	25	40.1564330477278	1/2	0.0692413809	0.0032632152
19	414	17	19	9	25	40.1955623954136	0	0	nan
19	415	3	19	18	25	40.2156611455783	1/2	0.0712036376	0.00884183326
19	416	11	19	3	25	40.2278741830489	0	0	nan
19	417	18	19	2	25	40.2661780249013	1/2	0.0695356878	-0.00319990866
19	418	8	19	6	25	40.3368066077938	1/2	0.0693138232	-0.00851637519
19	419	5	19	9	25	40.5558952257081	0	0	nan
19	420	2	19	18	25	40.5929411667281	1/2	0.0705944362	0.0127277568
19	421	4	19	9	25	40.7351133164194	0	0	nan
19	422	9	19	9	25	41.0344602874767	0	0	nan
19	423	7	19	3	25	41.1253901054614	0	0	nan
19	424	16	19	9	25	41.2038479778859	0	0	nan
19	425	14	19	18	25	41.2079317381776	1/2	0.0674479286	0.051545769
23	1	11	23	22	1	0.59542885441999	1/2	4.18708834	0.165828045
23	2	15	23	22	1	0.689271678051411	1/2	3.42039118	-0.168286281
23	3	7	23	22	1	1.23377715818156	1/2	2.09510145	-0.154876888
23	4	3	23	11	1	1.27653878245146	0	0	nan
23	5	19	23	22	1	1.37978461599607	1/2	1.94634195	0.107877983
23	6	12	23	11	1	1.96977154104919	0	0	nan
23	7	16	23	11	1	2.04476223591723	0	0	nan
23	8	20	23	22	1	2.10340981041385	1/2	1.21335558	0.0290758892
23	9	5	23	22	1	2.35411168788392	1/2	1.20227186	-0.0496310236
23	10	17	23	22	1	2.422807249194	1/2	1.18417696	0.0613108416
23	11	6	23	11	1	2.47039178966833	0	0	nan
23	12	14	23	22	1	2.47371237240074	1/2	1.0842949	0.03748752
23	13	4	23	11	1	2.69506368545966	0	0	nan
23	14	22	23	2	1	2.87133984893037	1/2	1.0038538	0.0150064799
23	15	8	23	11	1	3.01197442570288	0	0	nan
23	16	7	23	22	2	3.14774713733167	1/2	0.899317081	-0.176269019
23	17	18	23	11	1	3.18006776083851	0	0	nan
23	18	9	23	11	1	3.46109369894271	0	0	nan
23	19	11	23	22	2	3.5568402698183	1/2	0.836366065	0.0140807964
23	20	10	23	22	1	3.60810710722134	1/2	0.727378045	0.502870349
23	21	15	23	22	2	4.01800461034503	1/2	0.695703718	0.433685563
23	22	16	23	11	2	4.03528117503497	0	0	nan
23	23	17	23	22	2	4.06368017958576	1/2	0.693735626	-0.351393602
23	24	2	23	11	1	4.10757637345472	0	0	nan
23	25	13	23	11	1	4.12168134698007	0	0	nan
23	26	22	23	2	2	4.21518980422972	1/2	0.66950542	0.429641668
23	27	21	23	22	1	4.31223141471867	1/2	0.656935357	-0.44479237
23	28	6	23	11	2	4.43211762197344	0	0	nan
23	29	9	23	11	2	4.53726027325961	0	0	nan
23	30	14	23	22	2	4.74635317213817	1/2	0.577722763	0.347471124
23	31	19	23	22	2	4.76819409837206	1/2	0.597313431	0.588791146
23	32	12	23	11	2	4.88022173549289	0	0	nan
23	33	5	23	22	2	5.1201071549619	1/2	0.544673973	-0.0133624249
23	34	3	23	11	2	5.31655872189448	0	0	nan
23	35	11	23	22	3	5.42494992536205	1/2	0.519669744	-0.155168706
23	36	18	23	11	2	5.51944896175774	0	0	nan
23	37	13	23	11	2	5.52725852494173	0	0	nan
23	38	21	23	22	2	5.5642430560998	1/2	0.496806573	0.509482466
23	39	10	23	22	2	5.67852031718442	1/2	0.498178709	-0.40881969
23	40	8	23	11	2	5.78010856069088	0	0	nan
23	41	14	23	22	3	5.80015224206707	1/2	0.502199644	0.138773201
23	42	7	23	22	3	5.88611725344099	1/2	0.490876582	-0.280287691
23	43	2	23	11	2	5.93629800683369	0	0	nan
23	44	12	23	11	3	6.09438811946684	0	0	nan
23	45	4	23	11	2	6.13271706638252	0	0	nan
23	46	20	23	22	2	6.1337997810042	1/2	0.447196637	0.268402296
23	47	15	23	22	3	6.35513516932204	1/2	0.438957797	0.322786026
23	48	5	23	22	3	6.68212292908661	1/2	0.422057536	-0.222472842
23	49	22	23	2	3	6.73118915071954	1/2	0.420460344	0.164851135
23	50	9	23	11	3	6.77603965476942	0	0	nan
23	51	20	23	22	3	6.98738309119494	1/2	0.398595119	0.193940547
23	52	2	23	11	3	6.99445687720755	0	0	nan
23	53	18	23	11	3	7.07465734175108	0	0	nan
23	54	16	23	11	3	7.17838371976242	0	0	nan
23	55	3	23	11	3	7.19217904241057	0	0	nan
23	56	19	23	22	3	7.24691052521206	1/2	0.387587613	-0.243788543
23	57	21	23	22	3	7.38276781385186	1/2	0.378475012	0.211434774
23	58	4	23	11	3	7.38673609173915	0	0	nan
23	59	10	23	22	3	7.41010668689748	1/2	0.388428011	0.00191194823
23	60	11	23	22	4	7.52377202931623	1/2	0.379737357	0.119623878
23	61	17	23	22	3	7.5765898355931	1/2	0.369633653	0.227880095
23	62	6	23	11	3	7.72079932592009	0	0	nan
23	63	8	23	11	3	7.81320610194553	0	0	nan
23	64	5	23	22	4	7.96669685476325	1/2	0.356379421	0.213411287
23	65	13	23	11	3	8.23455744973128	0	0	nan
23	66	19	23	22	4	8.26915988698542	1/2	0.340837861	-0.132821696
23	67	22	23	2	4	8.3348490301244	1/2	0.348689793	0.199662179
23	68	3	23	11	4	8.43825346336988	0	0	nan
23	69	18	23	11	4	8.45117785217496	0	0	nan
23	70	7	23	22	4	8.45575693539626	1/2	0.339397557	-0.138861747
23	71	16	23	11	4	8.58089134138481	0	0	nan
23	72	15	23	22	4	8.63475817596673	1/2	0.339849655	-0.148596856
23	73	13	23	11	4	8.82856022982102	0	0	nan
23	74	17	23	22	4	8.8795589013945	1/2	0.306432934	0.100663812
23	75	20	23	22	4	9.01433861669916	1/2	0.322605095	-0.109716086
23	76	4	23	11	4	9.02360739702103	0	0	nan
23	77	14	23	22	4	9.14729345802199	1/2	0.304812445	-0.0612876785
23	78	12	23	11	4	9.1979267785248	0	0	nan
23	79	21	23	22	4	9.20888671721732	1/2	0.313871764	-0.0849770422
23	80	6	23	11	4	9.39325673406058	0	0	nan
23	81	10	23	22	4	9.45987916574414	1/2	0.296137395	0.183622869
23	82	7	23	22	5	9.51609515046732	1/2	0.295801914	-0.0443127477
23	83	2	23	11	4	9.51847315171955	0	0	nan
23	84	9	23	11	4	9.61449456153162	0	0	nan
23	85	19	23	22	5	9.63430524416146	1/2	0.287574423	0.180753271
23	86	8	23	11	4	9.76871842013284	0	0	nan
23	87	15	23	22	5	9.9591432275917	1/2	0.290809938	-0.207393842
23	88	6	23	11	5	10.0395967741824	0	0	nan
23	89	10	23	22	5	10.298272457427	1/2	0.268149816	-0.179848038
23	90	11	23	22	5	10.3976492199334	1/2	0.266191258	0.200215931
23	91	4	23	11	5	10.4038159116633	0	0	nan
23	92	17	23	22	5	10.4891223518614	1/2	0.265815408	-0.153341069
23	93	3	23	11	5	10.5200268741843	0	0	nan
23	94	14	23	22	5	10.5270586082005	1/2	0.268874161	-0.300841253
23	95	22	23	2	5	10.6338712302186	1/2	0.267292853	0.269887562
23	96	12	23	11	5	10.6774255561971	0	0	nan
23	97	16	23	11	5	10.7564533848304	0	0	nan
23	98	5	23	22	5	10.8033345059732	1/2	0.260334015	0.281055821
23	99	20	23	22	5	10.8429973908163	1/2	0.260827497	0.178287468
23	100	8	23	11	5	10.88483862656	0	0	nan
23	101	9	23	11	5	10.9630285509721	0	0	nan
23	102	13	23	11	5	11.0069206481143	0	0	nan
23	103	11	23	22	6	11.2305042824142	1/2	0.247737075	0.182217598
23	104	2	23	11	5	11.2404244575341	0	0	nan
23	105	15	23	22	6	11.2557812400026	1/2	0.253075454	-0.000540068253
23	106	17	23	22	6	11.7054983276739	1/2	0.237512127	-0.16502878
23	107	21	23	22	5	11.7393847719252	1/2	0.241345211	-0.0744300664
23	108	7	23	22	6	11.7645631102741	1/2	0.244097322	0.0416820775
23	109	18	23	11	5	11.8317413250695	0	0	nan
23	110	3	23	11	6	11.9252841185772	0	0	nan
23	111	16	23	11	6	11.9478935100834	0	0	nan
23	112	14	23	22	6	11.9600848508229	1/2	0.238833439	-0.00912680639
23	113	20	23	22	6	12.0589084243251	1/2	0.236057405	0.0323041898
23	114	8	23	11	6	12.0787049912968	0	0	nan
23	115	19	23	22	6	12.1125669818023	1/2	0.232388153	-0.123990667
23	116	9	23	11	6	12.2220486269115	0	0	nan
23	117	12	23	11	6	12.3553043216203	0	0	nan
23	118	6	23	11	6	12.4251097713316	0	0	nan
23	119	18	23	11	6	12.4342535531381	0	0	nan
23	120	22	23	2	6	12.5816967869696	1/2	0.224454136	0.00122723046
23	121	11	23	22	7	12.6109745049856	1/2	0.226273502	0.167226601
23	122	21	23	22	6	12.6688844262489	1/2	0.221408606	0.0856749991
23	123	5	23	22	6	12.7144367997137	1/2	0.224410658	-0.202164216
23	124	15	23	22	7	12.8810857396442	1/2	0.219934684	-0.0174576706
23	125	7	23	22	7	13.0160625550981	1/2	0.219220763	0.280759583
23	126	12	23	11	7	13.0300880775622	0	0	nan
23	127	4	23	11	6	13.1263183882627	0	0	nan
23	128	2	23	11	6	13.2529999917141	0	0	nan
23	129	13	23	11	6	13.380213450669	0	0	nan
23	130	10	23	22	6	13.4321076750706	1/2	0.209007689	0.330700846
23	131	16	23	11	7	13.5205953763915	0	0	nan
23	132	22	23	2	7	13.6041317247386	1/2	0.212021319	0.357929511
23	133	6	23	11	7	13.6194487537301	0	0	nan
23	134	5	23	22	7	13.6435709510601	1/2	0.20284286	0.215701297
23	135	3	23	11	7	13.6935466417765	0	0	nan
23	136	14	23	22	7	13.7939577751173	1/2	0.209474051	0.343947575
23	137	7	23	22	8	13.9063733555567	1/2	0.206455595	-0.382543992
23	138	17	23	22	7	13.9632859362144	1/2	0.201300998	0.123767852
23	139	19	23	22	7	14.04445956118	1/2	0.197106099	0.0743316212
23	140	18	23	11	7	14.074306084299	0	0	nan
23	141	11	23	22	8	14.1679204825204	1/2	0.201131665	0.232172187
23	142	9	23	11	7	14.2645231567406	0	0	nan
23	143	20	23	22	7	14.3553390818038	1/2	0.197424203	0.162459888
23	144	2	23	11	7	14.4681915363072	0	0	nan
23	145	4	23	11	7	14.4875947273727	0	0	nan
23	146	10	23	22	7	14.5905228278235	1/2	0.193164535	0.316730848
23	147	16	23	11	8	14.7786463746267	0	0	nan
23	148	5	23	22	8	14.9267297498884	1/2	0.191496981	0.0751027671
23	149	14	23	22	8	14.9969115748212	1/2	0.185527561	0.136800497
23	150	13	23	11	7	15.0425105159067	0	0	nan
23	151	21	23	22	7	15.0464030232256	1/2	0.190716533	-0.217553837
23	152	8	23	11	7	15.0613376830154	0	0	nan
23	153	19	23	22	8	15.1403112569247	1/2	0.190052377	0.198893524
23	154	12	23	11	8	15.1586140499476	0	0	nan
23	155	17	23	22	8	15.2833632885809	1/2	0.1812844	-0.100586845
23	156	9	23	11	8	15.3841555382281	0	0	nan
23	157	22	23	2	8	15.3855607335986	1/2	0.180870654	0.0428938437
23	158	15	23	22	8	15.5887360334966	1/2	0.180497077	-0.0564976125
23	159	18	23	11	8	15.6550774392529	0	0	nan
23	160	4	23	11	8	15.6573044047609	0	0	nan
23	161	10	23	22	8	15.833174984461	1/2	0.17885986	-0.129633355
23	162	13	23	11	8	15.8525324331266	0	0	nan
23	163	6	23	11	8	15.8986321049341	0	0	nan
23	164	22	23	2	9	15.938101367348	1/2	0.177281405	0.0797249417
23	165	21	23	22	8	15.9533247759452	1/2	0.176848204	-0.00513618955
23	166	8	23	11	8	16.0277246417414	0	0	nan
23	167	20	23	22	8	16.0310788441883	1/2	0.176418244	-0.0851939019
23	168	3	23	11	8	16.1251519223362	0	0	nan
23	169	11	23	22	9	16.132809704685	1/2	0.175618241	0.0448535132
23	170	2	23	11	8	16.382351797378	0	0	nan
23	171	14	23	22	9	16.5093370934571	1/2	0.169787614	0.0691179446
23	172	7	23	22	9	16.6383348860008	1/2	0.173545121	0.136784862
23	173	9	23	11	9	16.7362814079398	0	0	nan
23	174	15	23	22	9	16.8345956776255	1/2	0.171590708	0.159006498
23	175	19	23	22	9	16.8749253139931	1/2	0.163908327	0.165599265
23	176	18	23	11	9	16.9706407754337	0	0	nan
23	177	3	23	11	9	16.9959799776959	0	0	nan
23	178	6	23	11	9	17.0763801014366	0	0	nan
23	179	2	23	11	9	17.1204342655316	0	0	nan
23	180	10	23	22	9	17.1320934794194	1/2	0.167109527	-0.182095492
23	181	13	23	11	9	17.1689194488108	0	0	nan
23	182	21	23	22	9	17.1988672627093	1/2	0.165959037	0.0503100808
23	183	17	23	22	9	17.2064461670392	1/2	0.166891799	0.0929348325
23	184	5	23	22	9	17.2180629682775	1/2	0.167036401	0.146272255
23	185	12	23	11	9	17.3345531892365	0	0	nan
23	186	15	23	22	10	17.475485457949	1/2	0.162251971	0.014107846
23	187	20	23	22	9	17.5543147761313	1/2	0.158953004	-0.0937458389
23	188	16	23	11	9	17.5871153342747	0	0	nan
23	189	4	23	11	9	17.6012383780963	0	0	nan
23	190	5	23	22	10	17.8171802342989	1/2	0.156121189	0.122293742
23	191	8	23	11	9	17.8753607187384	0	0	nan
23	192	11	23	22	10	18.0031121679271	1/2	0.155619119	0.0993182021
23	193	19	23	22	10	18.14111882843	1/2	0.155436046	0.0154303479
23	194	3	23	11	10	18.2450937729401	0	0	nan
23	195	7	23	22	10	18.2845252230477	1/2	0.155645551	-0.0719890031
23	196	12	23	11	10	18.295318460883	0	0	nan
23	197	14	23	22	10	18.427688861945	1/2	0.151798713	-0.0545191488
23	198	2	23	11	10	18.4934749497565	0	0	nan
23	199	8	23	11	10	18.5234946368333	0	0	nan
23	200	16	23	11	10	18.5576184183064	0	0	nan
23	201	20	23	22	10	18.585874261213	1/2	0.151229913	0.0144155632
23	202	21	23	22	10	18.6410623098656	1/2	0.153542815	-0.100152277
23	203	10	23	22	10	18.6756039645034	1/2	0.152077175	-0.0271307775
23	204	18	23	11	10	18.8444819164539	0	0	nan
23	205	4	23	11	10	18.8607932350313	0	0	nan
23	206	17	23	22	10	18.8937158485893	1/2	0.147893911	0.0902356456
23	207	22	23	2	10	18.9859312026959	1/2	0.147906337	-0.0859514602
23	208	6	23	11	10	18.9889980730869	0	0	nan
23	209	13	23	11	10	19.0050563435683	0	0	nan
23	210	11	23	22	11	19.1240716354937	1/2	0.14785924	0.148582485
23	211	7	23	22	11	19.2324060813663	1/2	0.147379837	-0.117908685
23	212	9	23	11	10	19.424293412042	0	0	nan
23	213	20	23	22	11	19.4506848137765	1/2	0.14569579	0.0163031385
23	214	3	23	11	11	19.6289535537768	0	0	nan
23	215	4	23	11	11	19.6314951176077	0	0	nan
23	216	15	23	22	11	19.7122655203666	1/2	0.143400926	0.158436132
23	217	17	23	22	11	19.7196140822032	1/2	0.143342551	0.12186089
23	218	19	23	22	11	19.7251519363702	1/2	0.14330036	0.0896158736
23	219	16	23	11	11	19.7752676117382	0	0	nan
23	220	22	23	2	11	19.9877668478874	1/2	0.141690592	-0.206449339
23	221	12	23	11	11	20.00084804267	0	0	nan
23	222	5	23	22	11	20.1009255628777	1/2	0.141306838	0.156952007
23	223	18	23	11	11	20.1602908688378	0	0	nan
23	224	9	23	11	11	20.1699725928071	0	0	nan
23	225	6	23	11	11	20.2171529935235	0	0	nan
23	226	10	23	22	11	20.4661754672752	1/2	0.137537932	0.18327714
23	227	14	23	22	11	20.5074681946977	1/2	0.138945587	0.0573367445
23	228	19	23	22	12	20.5394519348183	1/2	0.136651948	-0.114060334
23	229	7	23	22	12	20.5668153164173	1/2	0.136938221	-0.173761421
23	230	8	23	11	11	20.5811038664347	0	0	nan
23	231	11	23	22	12	20.5919215617182	1/2	0.138451749	-0.115468713
23	232	15	23	22	12	20.6541448172233	1/2	0.135713883	0.156230784
23	233	13	23	11	11	20.674944300327	0	0	nan
23	234	16	23	11	12	20.8720803538717	0	0	nan
23	235	6	23	11	12	20.9779378598749	0	0	nan
23	236	3	23	11	12	20.9812675006812	0	0	nan
23	237	21	23	22	11	21.0639772422641	1/2	0.13344542	0.105730882
23	238	22	23	2	12	21.2036022563963	1/2	0.134619721	0.000548939402
23	239	2	23	11	11	21.2247310229478	0	0	nan
23	240	17	23	22	12	21.326135671227	1/2	0.132857088	-0.0480318627
23	241	14	23	22	12	21.3846798755615	1/2	0.132760483	-0.0300719162
23	242	5	23	22	12	21.5882629434913	1/2	0.132201688	-0.0133370474
23	243	12	23	11	12	21.6510878993531	0	0	nan
23	244	8	23	11	12	21.6986067324679	0	0	nan
23	245	7	23	22	13	21.8345170330073	1/2	0.12794893	-0.00692372802
23	246	9	23	11	12	21.8523921676937	0	0	nan
23	247	20	23	22	12	21.853313097358	1/2	0.127314009	-0.00236551229
23	248	4	23	11	12	21.8991170643469	0	0	nan
23	249	13	23	11	12	22.0662316401677	0	0	nan
23	250	15	23	22	13	22.0704727617996	1/2	0.128874329	-0.00486238172
23	251	17	23	22	13	22.1153727477645	1/2	0.127565049	0.0410651724
23	252	14	23	22	13	22.1465801972573	1/2	0.125894896	0.0368410774
23	253	2	23	11	12	22.2350024856327	0	0	nan
23	254	18	23	11	12	22.2812276286689	0	0	nan
23	255	10	23	22	12	22.2874193801381	1/2	0.1287026	0.0229776041
23	256	21	23	22	12	22.3127336578019	1/2	0.125689718	0.0599977092
23	257	11	23	22	13	22.3219769084528	1/2	0.124830872	0.0657869478
23	258	12	23	11	13	22.3467415903042	0	0	nan
23	259	6	23	11	13	22.4678459530139	0	0	nan
23	260	9	23	11	13	22.7681637627004	0	0	nan
23	261	16	23	11	13	22.849704319755	0	0	nan
23	262	22	23	2	13	22.8740760234631	1/2	0.123506855	0.00710166621
23	263	10	23	22	13	22.9890697373786	1/2	0.120178782	-0.0639987093
23	264	5	23	22	13	23.0521136334617	1/2	0.124980835	-0.0693915518
23	265	8	23	11	13	23.0732096313861	0	0	nan
23	266	18	23	11	13	23.1445215344901	0	0	nan
23	267	11	23	22	14	23.1470024749803	1/2	0.124783131	0.0879787297
23	268	20	23	22	13	23.2416334229855	1/2	0.124568951	-0.106700486
23	269	19	23	22	13	23.27450766099	1/2	0.118649996	0.0170311387
23	270	2	23	11	13	23.3358790073618	0	0	nan
23	271	21	23	22	13	23.5472309260709	1/2	0.120493274	0.104696777
23	272	7	23	22	14	23.5587863873797	1/2	0.118252378	0.0556998509
23	273	4	23	11	13	23.6182317477494	0	0	nan
23	274	3	23	11	13	23.7461624209704	0	0	nan
23	275	16	23	11	14	23.7588805570837	0	0	nan
23	276	13	23	11	13	23.7618868744074	0	0	nan
23	277	9	23	11	14	23.8594047132719	0	0	nan
23	278	15	23	22	14	23.8657460661749	1/2	0.116372544	-0.0140868025
23	279	3	23	11	14	23.9069714020012	0	0	nan
23	280	12	23	11	14	23.907956068595	0	0	nan
23	281	14	23	22	14	23.9189678342409	1/2	0.119928468	0.191158411
23	282	22	23	2	14	23.9464472952678	1/2	0.116973855	0.121805112
23	283	5	23	22	14	24.1043300423508	1/2	0.11845496	0.195400798
23	284	11	23	22	15	24.137274465195	1/2	0.116538743	0.168156845
23	285	21	23	22	14	24.395936537903	1/2	0.115960931	-0.205703032
23	286	19	23	22	14	24.5357189856032	1/2	0.115351616	0.176554412
23	287	17	23	22	14	24.5598497455027	1/2	0.115894735	0.00444399262
23	288	18	23	11	14	24.5638218559436	0	0	nan
23	289	2	23	11	14	24.5967204439234	0	0	nan
23	290	20	23	22	14	24.8251412533849	1/2	0.114296743	-0.221938769
23	291	13	23	11	14	24.8303350498325	0	0	nan
23	292	6	23	11	14	24.9364952085363	0	0	nan
23	293	4	23	11	14	24.9599986974169	0	0	nan
23	294	19	23	22	15	25.0856637040802	1/2	0.111797923	0.246636535
23	295	7	23	22	15	25.0862328419138	1/2	0.111803741	0.249051066
23	296	8	23	11	14	25.1967777935331	0	0	nan
23	297	18	23	11	15	25.201733280331	0	0	nan
23	298	12	23	11	15	25.2090510755998	0	0	nan
23	299	5	23	22	15	25.2458102995835	1/2	0.112070005	-0.0248314184
23	300	14	23	22	15	25.2889653053222	1/2	0.111633193	0.270861942
23	301	10	23	22	14	25.3425292783073	1/2	0.11140452	0.037271161
23	302	22	23	2	15	25.4625610104825	1/2	0.110480314	0.151360432
23	303	15	23	22	15	25.4983330646967	1/2	0.111716117	0.272663069
23	304	3	23	11	15	25.5875345483963	0	0	nan
23	305	20	23	22	15	25.7134699298143	1/2	0.109732721	0.195006077
23	306	16	23	11	15	25.8386946948273	0	0	nan
23	307	10	23	22	15	25.8555467674018	1/2	0.10943821	0.145460412
23	308	6	23	11	15	25.9574329561884	0	0	nan
23	309	4	23	11	15	26.0341095189041	0	0	nan
23	310	9	23	11	15	26.0717487949765	0	0	nan
23	311	21	23	22	15	26.1518724165921	1/2	0.108956989	-0.141651439
23	312	17	23	22	15	26.2177561195886	1/2	0.105571112	-0.0803920802
23	313	13	23	11	15	26.2756319902384	0	0	nan
23	314	7	23	22	16	26.2890253125528	1/2	0.108016824	0.199980165
23	315	2	23	11	15	26.2926502936116	0	0	nan
23	316	5	23	22	16	26.3736404776845	1/2	0.10917958	-0.198706448
23	317	22	23	2	16	26.4863912378368	1/2	0.106877071	0.174569114
23	318	8	23	11	15	26.4978392106928	0	0	nan
23	319	4	23	11	16	26.6842417353091	0	0	nan
23	320	19	23	22	16	26.866287339665	1/2	0.106394752	0.13228883
23	321	11	23	22	16	26.9215190159059	1/2	0.104556423	-0.010430724
23	322	15	23	22	16	26.941100730834	1/2	0.106259147	-0.0788719678
23	323	17	23	22	16	26.9513909970492	1/2	0.106482363	-0.10314879
23	324	16	23	11	16	26.9627789970196	0	0	nan
23	325	10	23	22	16	27.0048933421035	1/2	0.103337032	-0.0484969062
23	326	2	23	11	16	27.1177279509325	0	0	nan
23	327	6	23	11	16	27.1322398068378	0	0	nan
23	328	3	23	11	16	27.1472050015554	0	0	nan
23	329	14	23	22	16	27.1570313686842	1/2	0.10497187	-0.0883060426
23	330	18	23	11	16	27.1670140356519	0	0	nan
23	331	20	23	22	16	27.3394114314604	1/2	0.10439617	-0.0395481442
23	332	9	23	11	16	27.4159310495318	0	0	nan
23	333	13	23	11	16	27.5077720175206	0	0	nan
23	334	8	23	11	16	27.5268933367426	0	0	nan
23	335	11	23	22	17	27.6433249931071	1/2	0.102508965	0.0208053445
23	336	21	23	22	16	27.6544696219067	1/2	0.101786059	0.0401047332
23	337	19	23	22	17	27.7010276091542	1/2	0.102506711	0.0567871395
23	338	12	23	11	16	27.7915247756126	0	0	nan
23	339	15	23	22	17	27.8784474623808	1/2	0.100782022	0.0682121252
23	340	17	23	22	17	27.9884199311071	1/2	0.101426268	-0.0776207163
23	341	13	23	11	17	28.1210607618274	0	0	nan
23	342	7	23	22	17	28.3239746096406	1/2	0.0999540916	0.040937738
23	343	12	23	11	17	28.3889087112308	0	0	nan
23	344	10	23	22	17	28.3979458903306	1/2	0.101366436	-0.0930335363
23	345	16	23	11	17	28.4277802880742	0	0	nan
23	346	3	23	11	17	28.4523349200646	0	0	nan
23	347	21	23	22	17	28.4957572242246	1/2	0.101037504	0.0969588731
23	348	22	23	2	17	28.5028654987024	1/2	0.100827751	0.0864436611
23	349	6	23	11	17	28.5087977549385	0	0	nan
23	350	8	23	11	17	28.5410497855495	0	0	nan
23	351	9	23	11	17	28.5652674816209	0	0	nan
23	352	14	23	22	17	28.5666280226703	1/2	0.0987300669	-0.0955935575
23	353	20	23	22	17	28.6277682853285	1/2	0.097722075	-0.0102229774
23	354	4	23	11	17	28.7973687106308	0	0	nan
23	355	5	23	22	17	28.8210387809623	1/2	0.0973556246	-0.013625655
23	356	15	23	22	18	28.9260087570685	1/2	0.0966350692	-0.0175700152
23	357	18	23	11	17	29.028710247217	0	0	nan
23	358	7	23	22	18	29.0839940953648	1/2	0.098183355	0.0964588289
23	359	2	23	11	17	29.169797343712	0	0	nan
23	360	3	23	11	18	29.1954701691849	0	0	nan
23	361	14	23	22	18	29.3243958144529	1/2	0.0961168988	-0.0642111177
23	362	11	23	22	18	29.3929657362125	1/2	0.0962343392	-0.0341182244
23	363	19	23	22	18	29.4453316274244	1/2	0.0960671225	0.112124432
23	364	12	23	11	18	29.4988987990588	0	0	nan
23	365	6	23	11	18	29.5365507246596	0	0	nan
23	366	20	23	22	18	29.5848474332525	1/2	0.0954074745	-0.0308841867
23	367	8	23	11	18	29.8595829718345	0	0	nan
23	368	4	23	11	18	29.900516582512	0	0	nan
23	369	11	23	22	19	29.9416505001467	1/2	0.0939338363	-0.0930455876
23	370	16	23	11	18	30.0054813740508	0	0	nan
23	371	17	23	22	18	30.01430159849	1/2	0.0949102059	0.100547164
23	372	5	23	22	18	30.0495840865366	1/2	0.0932257958	0.0627642913
23	373	15	23	22	19	30.0723355947654	1/2	0.093837617	-0.0114176605
23	374	9	23	11	18	30.0860500940677	0	0	nan
23	375	2	23	11	18	30.0921106457133	0	0	nan
23	376	22	23	2	18	30.1017192583583	1/2	0.0948292884	-0.0902124019
23	377	7	23	22	19	30.2014948351372	1/2	0.0944221405	0.0957979148
23	378	18	23	11	18	30.2303163453761	0	0	nan
23	379	10	23	22	18	30.388713561315	1/2	0.0938157655	0.0913874109
23	380	16	23	11	19	30.6528196723794	0	0	nan
23	381	12	23	11	19	30.6656281241474	0	0	nan
23	382	5	23	22	19	30.6961604589065	1/2	0.0914023308	-0.0922027599
23	383	21	23	22	18	30.708496055965	1/2	0.0908767577	-0.0708198377
23	384	3	23	11	19	30.7237166145795	0	0	nan
23	385	17	23	22	19	30.745818085604	1/2	0.0929160297	0.0413511549
23	386	20	23	22	19	30.9032809899825	1/2	0.0898367765	-0.0573021432
23	387	13	23	11	18	30.9780536759864	0	0	nan
23	388	19	23	22	19	31.1437384077684	1/2	0.0929711203	0.0808354314
23	389	22	23	2	19	31.2546939512299	1/2	0.0916143352	-0.0923741042
23	390	6	23	11	19	31.3205671876709	0	0	nan
23	391	14	23	22	19	31.3237543637857	1/2	0.0921039487	0.0620508193
23	392	11	23	22	20	31.3278214876553	1/2	0.092449183	0.0701343607
23	393	8	23	11	19	31.3285080620093	0	0	nan
23	394	9	23	11	19	31.3681299406716	0	0	nan
23	395	18	23	11	19	31.4720776849653	0	0	nan
23	396	16	23	11	20	31.5146179719513	0	0	nan
23	397	7	23	22	20	31.6278980019948	1/2	0.0918044971	-0.0861838628
23	398	4	23	11	19	31.6869767866448	0	0	nan
23	399	21	23	22	19	31.7595182856747	1/2	0.0872842584	0.0430983674
23	400	13	23	11	19	31.8741217980518	0	0	nan
23	401	22	23	2	20	31.9183386937366	1/2	0.0905498491	0.0846739782
23	402	10	23	22	19	31.9522682479265	1/2	0.087028006	0.0328750488
23	403	17	23	22	20	31.9734891734779	1/2	0.0869520759	-0.027679502
23	404	14	23	22	20	32.0322198356397	1/2	0.0886357842	-0.065355185
23	405	2	23	11	19	32.0553241794482	0	0	nan
23	406	6	23	11	20	32.109173590185	0	0	nan
23	407	19	23	22	20	32.2021600112629	1/2	0.0892364942	-0.0831338278
23	408	18	23	11	20	32.2363274277726	0	0	nan
23	409	12	23	11	20	32.3236908167766	0	0	nan
23	410	5	23	22	20	32.4150475569692	1/2	0.0872717417	-0.0565406776
23	411	15	23	22	20	32.425230679211	1/2	0.0865390833	-0.0333983888
23	412	7	23	22	21	32.4566030739187	1/2	0.0867159178	0.0490496813
23	413	9	23	11	20	32.494148390882	0	0	nan
23	414	4	23	11	20	32.6866168413644	0	0	nan
23	415	3	23	11	20	32.786213328653	0	0	nan
23	416	11	23	22	21	32.8717035161714	1/2	0.0870240771	0.0760521009
23	417	13	23	11	20	32.8742442400017	0	0	nan
23	418	21	23	22	20	33.0688340959684	1/2	0.086363617	0.0678791806
23	419	10	23	22	20	33.0990350480918	1/2	0.0847060058	0.0157681034
23	420	22	23	2	21	33.1513079424921	1/2	0.0861129796	-0.0698194617
23	421	15	23	22	21	33.1996829461569	1/2	0.0844330385	-0.00471352751
23	422	20	23	22	20	33.2386479557069	1/2	0.0854007415	0.0626193484
23	423	12	23	11	21	33.3206691771955	0	0	nan
23	424	2	23	11	20	33.3716223327933	0	0	nan
23	425	9	23	11	21	33.4264123054862	0	0	nan
23	426	8	23	11	20	33.4344524862183	0	0	nan
23	427	14	23	22	21	33.5337288390186	1/2	0.0843340108	-0.0503972361
23	428	19	23	22	21	33.5603408259869	1/2	0.0847650913	-0.038876374
23	429	10	23	22	21	33.6282336104481	1/2	0.0838475456	0.0430639375
23	430	6	23	11	21	33.7039289875528	0	0	nan
23	431	16	23	11	21	33.7145045082425	0	0	nan
23	432	5	23	22	21	33.7368874145981	1/2	0.0837022121	-0.0364323995
23	433	2	23	11	21	33.7593859826381	0	0	nan
23	434	17	23	22	21	33.9301642670598	1/2	0.0828352657	-0.0196918386
23	435	3	23	11	21	33.9728755576483	0	0	nan
23	436	14	23	22	22	34.0516536294519	1/2	0.0834572598	0.0127124511
23	437	13	23	11	21	34.187775530293	0	0	nan
23	438	20	23	22	21	34.243681912018	1/2	0.0827295595	0.00410928098
23	439	11	23	22	22	34.2463126786234	1/2	0.0828742078	0.00600322889
23	440	18	23	11	21	34.288318019304	0	0	nan
23	441	21	23	22	21	34.3194676024225	1/2	0.0814822862	0.0204205089
23	442	8	23	11	21	34.3433595280774	0	0	nan
23	443	4	23	11	21	34.3965942164926	0	0	nan
23	444	5	23	22	22	34.521866550289	1/2	0.0811488171	0.031425909
23	445	15	23	22	22	34.8689962861806	1/2	0.0816114998	0.101800418
23	446	22	23	2	22	34.8701724595688	1/2	0.081565337	0.103466215
23	447	9	23	11	22	34.9020681804035	0	0	nan
23	448	12	23	11	22	35.0112393943531	0	0	nan
23	449	7	23	22	22	35.018775709967	1/2	0.080438928	-0.0325365533
23	450	17	23	22	22	35.0495660532242	1/2	0.0813023022	0.0925201419
23	451	21	23	22	22	35.0651459208633	1/2	0.0810292118	0.131612397
23	452	18	23	11	22	35.0704149170807	0	0	nan
23	453	8	23	11	22	35.0927970422836	0	0	nan
23	454	19	23	22	22	35.1345864148921	1/2	0.0808571765	-0.0520053608
23	455	3	23	11	22	35.13830079198	0	0	nan
23	456	2	23	11	22	35.1912868697126	0	0	nan
23	457	20	23	22	22	35.1963287742389	1/2	0.0798215337	-0.112806813
23	458	4	23	11	22	35.1993198313163	0	0	nan
23	459	10	23	22	22	35.2906316467741	1/2	0.0796399401	0.132639537
23	460	13	23	11	22	35.3198666943101	0	0	nan
23	461	16	23	11	22	35.4050109259666	0	0	nan
23	462	11	23	22	23	35.5737424630248	1/2	0.0788890131	-0.190188777
23	463	15	23	22	23	35.7691192033336	1/2	0.0781840254	-0.205900822
23	464	7	23	22	23	35.9066770483135	1/2	0.0797479026	-0.053780845
23	465	18	23	11	23	35.9080121787735	0	0	nan
23	466	6	23	11	22	35.9389070754479	0	0	nan
23	467	22	23	2	23	36.0757358336918	1/2	0.0776921252	0.140903456
23	468	20	23	22	23	36.1406000890156	1/2	0.0775134674	-0.260868471
23	469	19	23	22	23	36.1532623599892	1/2	0.0767455059	-0.247205623
23	470	5	23	22	23	36.1656574068801	1/2	0.076898386	-0.190975081
23	471	16	23	11	23	36.230269825235	0	0	nan
23	472	21	23	22	23	36.2601927486608	1/2	0.0764434044	0.208484729
23	473	6	23	11	23	36.2734187310157	0	0	nan
23	474	12	23	11	23	36.3403486065328	0	0	nan
23	475	3	23	11	23	36.3452911816082	0	0	nan
23	476	2	23	11	23	36.4315839173321	0	0	nan
23	477	10	23	22	23	36.663621451505	1/2	0.0766513061	0.0959166072
23	478	4	23	11	23	36.7368444415257	0	0	nan
23	479	3	23	11	24	36.7634234520819	0	0	nan
23	480	14	23	22	23	36.7946839313765	1/2	0.0785345561	0.176672972
23	481	9	23	11	23	36.8191241831763	0	0	nan
23	482	13	23	11	23	36.831366527281	0	0	nan
23	483	17	23	22	23	36.8500926704613	1/2	0.0755432013	0.148553366
23	484	19	23	22	24	36.8588085866006	1/2	0.0764196857	0.079795182
23	485	11	23	22	24	36.9492084797922	1/2	0.0756245316	-0.127615987
23	486	7	23	22	24	37.0052352549452	1/2	0.0765444166	0.244405393
23	487	8	23	11	23	37.0776431893673	0	0	nan
23	488	15	23	22	24	37.1361925051623	1/2	0.0750347805	-0.162305164
23	489	5	23	22	24	37.1765468515341	1/2	0.0773682052	0.133398869
23	490	4	23	11	24	37.3745820527457	0	0	nan
23	491	17	23	22	24	37.4621640483421	1/2	0.0764170226	-0.0977583616
23	492	16	23	11	24	37.5173950391724	0	0	nan
23	493	14	23	22	24	37.6343866530865	1/2	0.0757876955	0.0318880459
23	494	6	23	11	24	37.6350506602229	0	0	nan
23	495	12	23	11	24	37.6434413209644	0	0	nan
23	496	13	23	11	24	37.7741163011586	0	0	nan
23	497	10	23	22	24	37.7875707133843	1/2	0.0738802985	0.174191327
23	498	20	23	22	24	37.8436265078803	1/2	0.0755691766	-0.0666478529
23	499	7	23	22	25	37.9459480401572	1/2	0.075085502	0.0922117379
23	500	22	23	2	24	37.9679178303309	1/2	0.0737250233	0.150240613
23	501	8	23	11	24	38.0497852085308	0	0	nan
23	502	18	23	11	24	38.0640549371989	0	0	nan
23	503	19	23	22	25	38.1993459529383	1/2	0.0742739658	0.0460070547
23	504	2	23	11	24	38.3068679093083	0	0	nan
23	505	15	23	22	25	38.4038499281993	1/2	0.0742003989	-0.0202746495
23	506	16	23	11	25	38.503403075588	0	0	nan
23	507	11	23	22	25	38.5042391938609	1/2	0.0739044249	0.0424462078
23	508	17	23	22	25	38.523464294538	1/2	0.0736569758	0.0886849096
23	509	9	23	11	24	38.5264794908497	0	0	nan
23	510	20	23	22	25	38.5363377688665	1/2	0.0732874905	0.100145763
23	511	21	23	22	24	38.6416990423496	1/2	0.0730295999	-0.0903455475
23	512	22	23	2	25	38.6872424032987	1/2	0.0732043113	0.0319472031
23	513	4	23	11	25	38.7004083657659	0	0	nan
23	514	14	23	22	25	38.7439781881195	1/2	0.0730162603	0.073756746
23	515	9	23	11	25	38.8023779218509	0	0	nan
23	516	6	23	11	25	38.8290496990044	0	0	nan
23	517	8	23	11	25	38.8690120672023	0	0	nan
23	518	12	23	11	25	38.9322760342578	0	0	nan
23	519	3	23	11	25	38.9899814326086	0	0	nan
23	520	10	23	22	25	39.0726262055763	1/2	0.072324747	0.0692797034
23	521	5	23	22	25	39.3348258962961	1/2	0.0732379864	-0.0011351179
23	522	21	23	22	25	39.473845919827	1/2	0.0704145061	0.119636235
23	523	18	23	11	25	39.5305700005741	0	0	nan
23	524	13	23	11	25	39.630589253428	0	0	nan
23	525	2	23	11	25	39.8318798344989	0	0	nan
