q	x	minus_one_rank	minus_one_tie_size	leaders	D_minus_one
7	1000000	3	1	3,5	27
7	1047112	3	1	3	21
7	1148100	1	1	6	15
7	1202189	1	2	3,6	2
7	1258827	1	1	6	15
7	1380233	3	1	5	10
7	1445259	3	1	3	29
7	1513348	3	1	5	37
7	1584645	3	1	3	-1
7	1737475	3	1	5	23
7	1819331	3	1	3	16
7	2511101	3	1	5	44
7	2629405	1	1	6	58
7	2882995	2	1	5	0
7	3465905	3	1	5	28
7	3629192	2	1	5	25
7	4362975	1	1	6	45
7	4568524	2	1	5	67
7	4783758	1	1	6	98
7	5245122	2	1	5	82
7	5492231	2	1	3	59
7	5750982	1	1	6	62
7	6021923	2	1	3	59
7	7580560	1	1	6	171
7	7937696	2	1	3	149
7	8311658	1	1	6	197
7	9542613	2	1	5	184
7	9992186	3	1	3	133
7	10462940	2	1	3	26
7	11472027	3	1	3	-10
7	12578434	2	1	3	-4
7	13171031	3	1	3	-35
7	13791547	2	1	3	48
7	14441297	3	1	3	23
7	15121658	3	1	3,5	32
7	15834073	3	1	5	-14
7	18179095	2	1	5	50
7	19035552	3	1	5	47
7	21854713	1	2	3,6	95
7	22884336	3	1	3,5	90
7	23962467	1	1	6	98
7	25091391	2	1	3	141
7	26273501	1	2	3,6	106
7	27511303	2	1	3	140
7	28807420	3	1	3	172
7	30164600	1	2	5,6	224
7	31585720	1	1	6	228
7	33073793	2	1	5	169
7	34631971	3	1	5	22
7	36263559	2	1	5	198
7	39760958	3	1	5	113
7	47800197	2	1	5	338
7	50052168	3	1	5	129
7	52410235	2	1	5	278
7	54879395	1	1	6	188
7	57464883	3	1	3	30
7	60172178	1	1	6	180
7	79314940	3	1	5	203
7	83051639	1	1	6	249
7	91061464	2	1	5	302
7	99843788	1	1	6	548
7	109473114	2	1	3	370
7	165670951	3	1	3	-145
7	181648906	3	1	5	-85
7	218376363	3	1	3	183
7	228664549	3	1	5	11
7	239437434	3	1	3	-56
7	262529718	3	1	5	-196
7	274898064	3	1	3	-263
7	301410309	3	1	5	198
7	315610406	2	1	5	594
7	330479499	1	1	6	980
7	379423438	3	1	3	287
7	397298903	1	1	6	646
7	416016520	2	1	5	267
7	477628472	3	1	5	91
7	500130590	2	1	3	266
7	523692831	3	1	5	484
7	574199817	3	1	3	530
7	601251621	1	1	6	887
7	629577895	2	1	5	710
7	659238680	1	1	6	751
7	792529658	3	1	5	777
7	829867457	1	1	6	1126
7	868964320	2	1	3	666
7	909903122	3	1	3	542
7	952770639	2	1	3	571
7	1044659568	3	1	3	-172
7	1093875756	2	1	3	168
7	1145410625	1	1	6	816
7	1815069724	3	1	3	1215
7	1900581611	2	1	3	1045
7	1990122151	3	1	3	28
7	2083881140	2	1	3	388
7	2284858792	3	1	3	-428
7	3302212744	2	1	5	338
7	3620691064	1	1	6	801
7	3791269706	3	1	3	95
7	3969884679	2	1	5	1209
7	4557823704	3	1	5	694
7	4772552705	2	1	5	220
7	5232836365	3	1	5	1266
7	5737511582	2	1	5	980
7	6007818249	3	1	5	390
7	6587235751	2	1	5	1430
7	7222534545	1	1	6	2288
7	9520261788	2	1	3	2119
7	10438433091	1	1	6	3895
7	10930210409	2	1	3	3247
7	11445156427	1	1	6	4078
7	13759244080	2	1	5	3229
7	14407472037	3	1	5	1541
7	15086239424	1	1	6	2101
7	17320508076	3	1	5	699
7	18136514935	2	1	5	2783
7	18990965656	1	1	6	3842
7	19885671410	3	1	3	1686
7	22830734855	2	1	3	299
7	26211961532	3	1	3	50
7	28739945678	3	1	5	1390
7	30093947115	2	1	3	3647
7	31511738509	3	1	3	3657
7	32996325143	1	1	6	5498
7	36178619865	3	1	5	-96
7	37883073445	1	1	6	3371
7	39667827545	2	1	5	3286
7	41536665297	3	1	3	1887
7	47688236048	3	1	5	586
7	60031239563	2	1	5	3406
7	62859442007	3	1	5	-3155
7	65820887229	2	1	5	1356
7	72168911173	1	1	6	5522
7	79129163388	3	1	5	-27
7	82857110620	2	1	5	1359
7	86760689565	3	1	5	-2091
7	90848174617	3	1	3	4213
7	95128229991	2	1	5	9575
7	99609928097	1	1	6	9546
7	104302768761	2	1	5	8604
7	109216699370	1	1	6	10238
7	143962145579	2	1	3	11425
7	150744515809	1	1	6	13828
7	157846418272	2	1	3	7839
7	173069744557	1	1	6	9189
7	208062587291	2	1	3	6926
7	217864868942	1	1	6	2046
7	228128957430	2	1	5	4839
7	238876609483	3	1	3	2526
7	250130606832	3	1	5	3697
7	261914804507	2	1	3	4398
7	314871163733	3	1	3	-6702
7	361503511974	3	1	5	-3201
7	396368325357	1	1	6	13114
7	434595637780	2	1	3	5217
7	455070384831	2	1	5	4739
7	476509741809	1	1	6	14792
7	522466206056	2	1	3	9601
7	572854891558	3	1	5	11850
7	599843333185	2	1	3	4214
7	628103259078	2	1	5	13347
7	657694571630	1	1	6	17228
7	688679995367	2	1	5	19094
7	790673347157	3	1	5	2546
7	866928978933	3	1	3	-5842
7	907771891314	3	1	5	-1763
7	950539002253	3	1	3	-3515
7	1042212703416	3	1	5	24621
7	1142727775070	1	1	6	17189
7	1373775052704	2	1	5	20891
7	1506267294840	1	1	6	31871
7	2079000146941	2	1	5	29710
7	2176946371954	1	1	6	23796
7	2740398890815	3	1	5	25221
7	2869505051187	3	1	3	19997
7	3294478101250	2	1	3	25591
7	3612210461760	3	1	3	-4092
7	3960586174514	2	1	3	-21908
7	4342560604319	3	1	3	-36260
7	4547148092543	2	1	3	2837
7	4985692849142	3	1	5	16505
7	5993746372511	1	1	6	30627
7	6571806728266	2	1	5	23181
7	6881418856717	3	1	5	2717
7	7900555435372	2	1	5	29537
7	9070625911176	1	1	6	27050
7	9497962853795	2	1	5	50649
7	9945432570527	2	1	3	37479
7	10000000000000	1	1	6	39282
7	11418348888254	2	1	3	16268
7	11956292173695	1	1	6	25702
7	12519579138962	2	1	5	25976
7	14373725982157	1	1	6	42432
7	19839093985085	2	1	5	87761
7	20773756912534	1	1	6	80592
7	21752453846202	2	1	3	23503
7	22777259324031	3	1	3	92761
7	23850345619961	1	1	6	132349
7	27382576420175	3	1	5	26649
7	28672629234945	3	1	3	56694
7	30023459247572	3	1	5	12453
7	31437929804219	3	1	3	78765
7	32919039149526	2	1	3	51341
7	36093880108624	1	1	6	122521
7	45435951151211	2	1	3	40998
7	49817972086731	3	1	3	85343
7	52165005255944	2	1	3	46473
7	54622612269628	3	1	3	61934
7	57196002502427	2	1	3	69668
7	59890630753972	3	1	5	33354
7	82663037672284	1	1	6	7253
7	86557473418223	3	1	3	28140
7	99376615684263	3	1	5	51319
7	104058464492742	2	1	5	139002
7	150391432864885	1	1	6	218759
7	157476700821694	3	1	5	152858
7	164895771183756	2	1	3	166812
7	172664370109409	1	1	6	381622
7	273611806631400	3	1	5	62082
7	300000000000000	1	1	6	324843
8	1000000	1	1	7	117
8	1202189	2	1	5	90
8	1318133	3	1	3	88
8	1445259	3	1	5	101
8	1513348	1	1	7	115
8	1584645	2	1	5	113
8	1659302	3	1	3	79
8	1737475	2	1	5	103
8	2290223	1	1	7	149
8	3161042	2	1	3	115
8	3979205	3	1	3	109
8	4166674	3	1	5	112
8	4362975	2	1	5	124
8	5009131	3	1	3	113
8	5245122	3	1	5	186
8	5492231	1	1	7	188
8	5750982	3	1	3	142
8	6913769	3	1	5	148
8	7580560	3	1	3	228
8	8703239	1	1	7	281
8	12012499	2	1	5	210
8	15834073	1	1	7	304
8	16580050	3	1	3	198
8	17361172	2	1	3	322
8	18179095	3	1	3	274
8	19932358	2	1	3	239
8	21854713	3	1	3	290
8	22884336	2	2	3	370
8	25091391	3	1	3	324
8	27511303	2	1	3	247
8	28807420	1	1	7	309
8	30164600	2	1	3	283
8	31585720	1	2	5,7	285
8	33073793	1	1	7	331
8	34631971	2	1	3	392
8	37972014	3	1	5	343
8	43595660	2	1	3	346
8	45649547	1	1	7	394
8	50052168	3	1	5	285
8	52410235	1	1	7	431
8	75746363	3	1	5	602
8	86964383	3	1	3	463
8	91061464	3	1	5	602
8	95351568	2	1	5	558
8	99843788	3	1	3	429
8	120031129	1	1	7	763
8	131607401	3	1	3	293
8	137807713	2	1	5	597
8	144300134	1	1	7	614
8	151098428	2	1	5	697
8	158217004	1	1	7	778
8	165670951	2	1	3	733
8	218376363	3	1	3,5	663
8	228664549	2	1	3	745
8	239437434	3	1	3	742
8	262529718	3	1	5	906
8	274898064	2	1	5	1002
8	362352235	1	1	7	1176
8	397298903	2	1	5	1281
8	435615964	1	1	7	1724
8	456138781	3	1	5	1424
8	477628472	2	1	3	1647
8	500130590	1	1	7	2206
8	659238680	2	1	3	1398
8	690296850	1	1	7	1328
8	756871780	3	1	3	1537
8	792529658	2	1	5	1453
8	868964320	3	1	3	1580
8	909903122	3	1	5	1206
8	997657739	3	1	3	555
8	1199373415	2	1	3	1896
8	1377000346	1	1	7	2575
8	1441873832	3	1	3	2923
8	1509803648	2	1	3	2545
8	1580933787	2	1	5	2183
8	1655415021	1	1	7	3308
8	2182057319	2	1	5	3503
8	2392503466	3	1	5	1971
8	2623245863	2	1	5	2846
8	2746832689	3	1	5	2657
8	2876241959	2	1	5	2964
8	3011747983	3	1	5	1673
8	3457787179	1	1	7	4372
8	3791269706	2	1	3	3418
8	4156914593	3	1	3	2647
8	4352755893	2	1	5	3433
8	4557823704	2	1	3	3781
8	4997398058	3	1	3	2391
8	5479366683	2	1	3	3463
8	5737511582	3	1	3	2618
8	6290859651	2	1	5	2018
8	6897574775	1	1	7	3957
8	7222534545	3	1	3	3372
8	7562803878	1	1	7	4310
8	9091921561	3	1	5	4401
8	9520261788	1	1	7	5962
8	10438433091	2	1	5	4895
8	11984362674	1	1	7	8546
8	12548972102	3	1	5	6703
8	13140181510	3	1	3	5649
8	13759244080	3	1	5	6636
8	15796985021	2	1	5	7357
8	16541215392	2	1	3	7204
8	17320508076	2	1	5	5407
8	18990965656	3	1	5	1941
8	19885671410	3	1	3	3225
8	20822528702	1	1	7	5972
8	23906340500	2	1	5	5564
8	25032620269	1	1	7	5954
8	27446864129	3	1	3	7693
8	28739945678	2	1	3	6042
8	32996325143	1	1	7	6945
8	34550853887	2	1	3	6858
8	41536665297	3	1	5	8864
8	47688236048	2	1	5	9040
8	52287476152	1	1	7	15067
8	54750853037	2	1	5	13168
8	60031239563	3	1	5	10945
8	65820887229	2	1	5	10857
8	68921852585	3	1	5	7884
8	75568945763	2	1	5	11610
8	79129163388	1	1	7	17741
8	82857110620	2	1	5	17116
8	86760689565	1	1	7	19097
8	130000000000	3	1	5	8937
8	143962145579	3	1	3	11626
8	150744515809	3	1	5	17846
8	157846418272	3	1	3	12206
8	181223437172	2	1	3	12460
8	198701334642	3	1	5	5797
8	217864868942	3	1	3	18510
8	238876609483	2	1	3	19966
8	274254181402	1	1	7	26909
8	434595637780	2	1	5	30439
8	455070384831	3	1	5	20729
8	498959153590	2	1	5	26266
8	522466206056	1	1	7	32294
8	547080726961	2	1	5	37674
8	599843333185	3	1	5	31522
8	628103259078	2	1	3	35570
8	657694571630	1	1	7	41572
8	721125209903	3	1	3	43177
8	755098989162	3	1	5	41634
8	790673347157	3	1	3	33797
8	950539002253	2	1	3	27340
8	1252936913585	3	1	3	36022
8	1300000000000	1	1	7	35485
8	1438496587537	2	1	5	36491
8	1729345141047	2	1	3	59715
8	1810818357179	3	1	3	74784
8	1896129953972	2	1	3	68160
8	1985460765900	3	1	3	48330
8	2079000146941	2	1	3	58693
8	2176946371954	1	1	7	73201
8	2279507056955	2	1	5	83363
8	2386899599205	1	1	7	70168
8	2617101537311	3	1	5	93074
8	2740398890815	2	1	5	88661
8	3449688140017	1	1	7	63257
8	3782389564056	2	1	5	73515
8	3960586174514	1	1	7	48926
8	4342560604319	2	1	3	84154
8	4547148092543	3	1	5	54720
8	4761374142932	2	1	5	85619
8	4985692849142	3	1	3	87582
8	5220579698171	1	1	7	65313
8	5466532578244	2	1	3	58839
8	7205617486879	1	1	7	126387
8	7545089820617	2	1	3	99443
8	8272767809448	3	1	3	113328
8	8662515919149	3	1	5	71870
8	9945432570527	2	1	5	124456
8	11418348888254	1	1	7	156377
8	13727016344541	2	1	3	116978
8	15050903519343	1	1	7	180555
8	20773756912534	2	1	5	198086
8	21752453846202	3	1	5	232846
8	22777259324031	2	1	5	199757
8	23850345619961	3	1	3	131538
8	26150566286152	2	1	3	114067
8	27382576420175	3	1	3	108503
8	34469926781966	3	1	5	149793
8	37794341413493	2	1	3	188209
8	39574915154062	1	1	7	242401
8	41439375601662	2	1	3	254621
8	47576537770051	3	1	3	228052
8	52165005255944	1	1	7	270953
8	62712208811383	2	1	5	239218
8	65666717556514	1	1	7	334360
8	86557473418223	2	1	5	315937
8	90635384514286	3	1	5	356863
8	100000000000000	2	1	5	427828
8	104058464492742	3	1	5	355499
8	108960885395717	2	1	5	352276
8	119469499584686	3	1	5	379573
8	125097967916282	3	1	3	338072
8	130991605649859	1	1	7	402919
8	137162905493486	2	1	3	488384
8	143624948713920	1	1	7	440811
8	157476700821694	2	1	3	497531
8	189316797657804	3	1	3	195221
8	200000000000000	1	1	7	168625
8	249544735760329	2	1	5	473851
8	261301331773756	3	1	5	462746
8	273611806631400	2	1	5	721948
8	300000000000000	3	1	5	505845
11	1000000	5	1	6	-19
11	1047112	5	1	7	-29
11	1096444	5	1	6	-18
11	1202189	5	1	2	-35
11	1258827	5	1	6	-29
11	1380233	4	1	6	19
11	1445259	5	1	6	0
11	1659302	4	1	6	-43
11	1737475	4	1	7	-34
11	1819331	4	1	8	-13
11	1905044	4	1	7	-4
11	2088774	5	1	7	-18
11	2187180	4	1	8	4
11	2290223	3	1	7	-7
11	2398120	5	1	7	-6
11	2511101	4	1	7	-7
11	2629405	2	1	7	3
11	2753282	5	1	8	13
11	2882995	4	1	7	16
11	3018819	3	1	6	55
11	3161042	4	2	6	11
11	3629192	4	1	8	65
11	3800171	3	1	8	61
11	4166674	2	1	6	21
11	4568524	1	1	10	45
11	5245122	3	1	8	63
11	5492231	3	1	6	97
11	5750982	2	1	6	127
11	6021923	1	1	10	113
11	6305629	2	1	6	74
11	6602701	1	1	10	112
11	7239491	2	1	2	99
11	7580560	4	1	2	57
11	7937696	4	1	6	38
11	8311658	2	1	2	89
11	8703239	2	1	7	121
11	9113267	1	1	10	108
11	9542613	5	1	7	77
11	9992186	4	1	2	83
11	10462940	2	1	8	95
11	10955872	1	1	10	147
11	12012499	2	1	6	169
11	13171031	1	1	10	200
11	15121658	3	1	6	97
11	15834073	2	1	6	121
11	16580050	3	1	6	67
11	17361172	3	1	2	151
11	18179095	1	1	10	172
11	19035552	2	1	6	109
11	19932358	3	1	6	142
11	20871415	1	1	10	231
11	22884336	3	1	7	110
11	23962467	1	1	10	121
11	25091391	2	1	8	171
11	26273501	5	1	2,8	84
11	27511303	4	2	2	-39
11	28807420	2	1	2	-44
11	30164600	3	1	7	0
11	31585720	2	1	2	-13
11	33073793	3	1	2	-95
11	39760958	4	1	2	102
11	41634183	5	1	2	30
11	43595660	4	1	2	-19
11	47800197	5	1	8	72
11	52410235	4	1	8	102
11	54879395	3	1	8	96
11	57464883	2	1	8	156
11	60172178	5	1	7	43
11	63007021	4	1	8	88
11	65975419	3	1	2	21
11	69083665	4	1	2	65
11	72338346	3	1	2	203
11	75746363	4	1	7	118
11	79314940	2	1	7	165
11	83051639	4	1	7	33
11	91061464	3	1	7	82
11	95351568	2	1	7	240
11	104547647	3	1	7	186
11	109473114	2	1	7	143
11	114630631	3	1	7	48
11	120031129	5	1	7	56
11	125686057	3	1	7	-87
11	137807713	3	1	6	-30
11	144300134	5	1	2	-179
11	151098428	5	1	6	-93
11	158217004	5	1	8	77
11	165670951	4	1	8	69
11	173476071	5	1	8	155
11	239437434	4	1	8	-130
11	250717853	1	1	10	117
11	274898064	3	1	6	-23
11	287849111	3	1	2	-147
11	301410309	5	1	2	-227
11	330479499	5	1	8	-256
11	379423438	3	1	8	-57
11	397298903	5	1	8	-104
11	416016520	4	2	8	-111
11	435615964	3	1	7	-68
11	456138781	5	1	8	-320
11	477628472	4	1	8	-222
11	500130590	2	1	8	-161
11	548365141	1	1	10	385
11	659238680	2	1	6	420
11	690296850	1	1	10	879
11	722818239	2	1	6	1012
11	756871780	1	1	10	1137
11	1000000000	2	1	6	825
11	1044659568	3	1	8	756
11	1093875756	1	1	10	1208
11	1145410625	2	1	6	587
11	1199373415	4	1	6	563
11	1255878508	5	1	8	705
11	1315045680	4	1	7	552
11	1377000346	5	1	6	297
11	1441873832	5	1	2	890
11	1509803648	5	1	6	946
11	1580933787	1	1	10	1347
11	1990122151	4	1	2	1233
11	2083881140	4	1	6	523
11	2182057319	3	1	2	795
11	2284858792	2	1	2	998
11	2392503466	1	1	10	970
11	2623245863	4	1	2	777
11	2746832689	1	1	10	726
11	3457787179	2	1	2	1643
11	3620691064	3	1	2	336
11	3791269706	2	1	2	151
11	4352755893	5	1	2	-351
11	4557823704	4	1	2	-345
11	4772552705	2	1	7	-187
11	4997398058	3	1	7	395
11	5232836365	1	1	10	1211
11	5737511582	2	1	7	824
11	6007818249	4	1	7	804
11	6290859651	4	1	8	371
11	6587235751	3	1	7	494
11	6897574775	1	1	10	556
11	7222534545	2	1	7	-110
11	7562803878	1	1	10	1216
11	7919104041	2	1	8	1199
11	8292190280	1	1	10	609
11	8682853425	3	1	8	1395
11	9091921561	2	1	8	1249
11	9520261788	2	1	2	1535
11	9968782056	3	1	2	1534
11	10000000000	4	1	8	1396
11	10438433091	4	1	2	645
11	11445156427	4	1	8	1094
11	11984362674	4	1	7	1365
11	13000000000	5	1	7	1148
11	15086239424	4	1	7	-473
11	15796985021	3	1	7	643
11	16541215392	5	1	7	-71
11	19885671410	5	1	2	-843
11	20822528702	5	1	7	-1250
11	21803523380	5	1	6	-2732
11	22830734855	3	1	7	-479
11	25032620269	4	1	6	1144
11	28739945678	2	1	6	2147
11	30093947115	3	1	6	1817
11	31511738509	1	1	10	3543
11	32996325143	2	1	8	2658
11	36178619865	4	1	8	-1803
11	37883073445	5	1	8	-5693
11	45542623846	5	1	2	-2507
11	49934932713	5	1	8	-3730
11	60031239563	2	1	8	1426
11	62859442007	3	1	8	1487
11	65820887229	2	1	8	1386
11	72168911173	3	1	6	-1687
11	75568945763	1	1	10	3556
11	79129163388	2	1	6	1104
11	82857110620	3	1	7	1106
11	86760689565	3	1	6	1887
11	90848174617	3	1	7	3202
11	99609928097	2	1	6	6036
11	100000000000	3	1	6	5583
11	104302768761	2	1	6	3367
11	109216699370	3	1	8	3476
11	119749985260	1	1	10	4975
11	130000000000	2	1	6	2799
11	137484931034	1	1	10	6609
11	150744515809	2	1	6	6852
11	165282906828	3	1	6	8280
11	173069744557	2	1	6	8767
11	228128957430	3	1	2	12212
11	238876609483	5	1	6	12354
11	261914804507	4	1	6	8045
11	274254181402	3	1	6	9398
11	287174893217	4	1	8	10525
11	300704327907	3	1	8	10241
11	314871163733	3	1	2	15041
11	329705430050	3	1	8	11127
11	345238570962	2	1	8	12715
11	361503511974	1	1	10	13593
11	572854891558	2	1	2	2890
11	599843333185	4	1	2	2152
11	657694571630	2	1	2	6959
11	688679995367	3	1	7	4561
11	755098989162	4	1	7	2803
11	790673347157	3	1	7	-2895
11	827923690639	2	1	7	11881
11	866928978933	2	1	2	14147
11	907771891314	1	1	10	17168
11	950539002253	2	1	7	12918
11	995320964936	1	1	10	9861
11	1196564169430	2	1	7	9910
11	1300000000000	1	1	10	12958
11	1311965500497	2	1	7	6389
11	1373775052704	3	1	7	5478
11	1438496587537	4	1	2	15072
11	1506267294840	5	1	7	4370
11	1577230827771	5	1	6	9890
11	1651537607297	4	1	7	17434
11	1810818357179	4	1	8	25274
11	1985460765900	4	1	2	10197
11	2079000146941	5	1	2	-5951
11	2176946371954	5	1	8	-23891
11	2279507056955	5	1	2	-11900
11	2617101537311	3	1	2	15931
11	2740398890815	4	1	7	6272
11	2869505051187	4	1	2	3573
11	3004693683969	3	1	8	31970
11	3294478101250	3	1	7	28116
11	3449688140017	4	1	8	25295
11	3612210461760	4	1	6	13682
11	3782389564056	3	1	6	367
11	3960586174514	5	1	6	-8795
11	4342560604319	5	1	7	-19042
11	4547148092543	5	1	8	-30668
11	5466532578244	4	1	7	-53442
11	5724072834185	3	1	7	-25872
11	5993746372511	4	1	8	-24623
11	7205617486879	3	1	6	23344
11	7545089820617	2	1	6	22889
11	7900555435372	4	1	6	2686
11	8272767809448	5	1	8	-20850
11	8662515919149	3	1	7	2720
11	9497962853795	5	1	7	-16874
11	9945432570527	5	1	8	-13016
11	10413983560209	4	1	8	-15348
11	11418348888254	3	1	6	-3990
11	11956292173695	3	1	8	4982
11	12519579138962	2	1	8	4335
11	13000000000000	3	1	8	11503
11	13109403780009	4	1	8	5538
11	13727016344541	2	1	8	25333
11	15050903519343	3	1	6	55302
11	16502471554108	2	1	8	66772
11	17279938931625	3	1	8	60998
11	18094034490631	3	1	6	57135
11	19839093985085	4	1	6	33175
11	20773756912534	3	1	6	68879
11	21752453846202	4	1	6	50295
11	23850345619961	3	1	6	81298
11	24973987348488	2	1	6	82095
11	27382576420175	5	1	6	33601
11	28672629234945	1	1	10	76973
11	30023459247572	4	1	6	33446
11	31437929804219	2	1	6	93883
11	32919039149526	1	1	10	81258
11	34469926781966	4	1	6	63232
11	36093880108624	4	1	2	129576
11	37794341413493	1	1	10	135783
11	43391674841769	2	1	6	163545
11	47576537770051	3	1	6	113324
11	49817972086731	2	1	6	119549
11	52165005255944	3	1	8	120939
11	54622612269628	1	1	10	133710
11	65666717556514	3	1	2	49916
11	68760419643587	2	1	2	102066
11	78943822264697	1	1	10	122357
11	82663037672284	2	1	2	62918
11	86557473418223	1	1	10	173929
11	108960885395717	2	1	7	114302
11	114094270024970	4	1	7	138949
11	119469499584686	4	1	2	160681
11	125097967916282	2	1	2	59325
11	130991605649859	1	1	10	101356
11	157476700821694	2	1	6	-48430
11	164895771183756	1	1	10	30675
11	172664370109409	4	1	2	40986
11	180798964650562	5	1	2	-72434
11	189316797657804	4	1	2	-42091
11	198235924329971	5	1	2	-81319
11	207575250485640	4	1	7	-12473
11	217354572637679	5	1	6	-11597
11	227594619955796	4	1	7	-16916
11	238317098206027	4	1	6	80761
11	249544735760329	5	1	7	-7207
11	261301331773756	5	1	2	81236
11	273611806631400	4	1	7	68561
11	286502254771965	4	1	6	201035
11	300000000000000	3	1	7	137533
19	1000000	1	1	18	71
19	1148100	2	1	10	57
19	1202189	2	1	3	51
19	1258827	1	1	18	72
19	1445259	2	1	3	74
19	1513348	1	1	18	86
19	1584645	2	1	3	65
19	1905044	1	1	18	99
19	2088774	3	1	3	61
19	2187180	3	1	8	81
19	2290223	1	1	18	88
19	2882995	2	1	13	70
19	3309966	1	1	18	65
19	3465905	2	1	13	63
19	3629192	3	1	13	47
19	3800171	2	1	3	28
19	4166674	1	1	18	70
19	4362975	2	1	13	47
19	5245122	5	1	3	35
19	5492231	3	1	3	65
19	5750982	4	1	3	42
19	6021923	3	1	3	56
19	6305629	4	1	2	40
19	6602701	4	1	3	-8
19	6913769	2	1	2	60
19	7239491	5	1	3	27
19	7580560	3	1	3	22
19	8311658	6	1	13	14
19	8703239	5	1	10	28
19	9113267	6	1	10	4
19	9542613	7	1	10	33
19	9992186	6	1	10	80
19	10000000	6	1	10,13	78
19	10462940	4	1	10	122
19	10955872	4	1	13	111
19	11472027	5	1	13	82
19	12012499	6	1	13	73
19	12578434	4	1	13	122
19	15121658	3	1	13	159
19	15834073	1	1	18	197
19	16580050	3	1	13	186
19	17361172	2	1	13	178
19	18179095	3	1	3	205
19	19932358	2	1	3	255
19	25091391	3	1	3	246
19	26273501	2	1	3	217
19	28807420	4	1	3	242
19	30164600	4	1	13	184
19	31585720	1	1	18	207
19	39760958	2	1	2	246
19	41634183	1	1	18	327
19	50052168	2	1	3	351
19	52410235	6	1	10	273
19	57464883	5	1	10	200
19	60172178	2	2	10	289
19	63007021	3	1	10	291
19	65975419	2	1	8	430
19	69083665	1	1	18	446
19	165670951	3	1	3	311
19	181648906	2	1	3	301
19	199167838	3	1	15	370
19	208551068	3	1	3	357
19	228664549	2	1	3	220
19	239437434	3	1	3	232
19	250717853	2	1	3	359
19	287849111	3	1	13	412
19	315610406	2	1	13	180
19	330479499	4	1	13	4
19	346049108	1	1	18	373
19	362352235	2	1	13	158
19	379423438	3	1	3	142
19	397298903	2	1	3	50
19	416016520	4	1	3	15
19	435615964	3	1	3	183
19	477628472	4	1	10	310
19	500130590	3	1	10	528
19	523692831	2	1	10	559
19	548365141	1	1	18	567
19	574199817	3	1	10	476
19	629577895	4	1	13	379
19	690296850	5	1	13	237
19	756871780	4	1	13	267
19	792529658	5	1	13	662
19	829867457	4	1	13	790
19	868964320	6	1	13	724
19	909903122	7	1	13	706
19	952770639	6	1	13	550
19	997657739	7	1	13	430
19	1000000000	6	1	13	438
19	1044659568	6	1	10	799
19	1093875756	5	1	10	672
19	1145410625	4	1	10	1027
19	1199373415	4	1	13	1248
19	1315045680	3	1	13	1541
19	1377000346	3	1	3	1281
19	1441873832	2	1	13	1586
19	1509803648	1	1	18	1725
19	1733405228	3	1	3	1959
19	1815069724	1	1	18	1856
19	2083881140	3	1	3	1802
19	2182057319	2	1	3	1620
19	2623245863	1	1	18	2557
19	2876241959	2	1	3	2414
19	3153637990	1	1	18	2248
19	3302212744	2	1	3	2223
19	3457787179	3	1	3	1508
19	3620691064	4	1	3	1045
19	3791269706	2	1	3	1799
19	3969884679	3	1	3	1566
19	4156914593	2	1	3	2473
19	4352755893	1	1	18	3581
19	5232836365	2	1	10	2953
19	5479366683	1	1	18	2723
19	6007818249	2	1	3	1531
19	6290859651	1	1	18	1650
19	6897574775	3	1	10	246
19	7222534545	5	1	3	-234
19	7562803878	3	1	10	614
19	7919104041	4	1	8	668
19	8292190280	2	1	8	1200
19	9091921561	1	1	18	1880
19	9520261788	3	1	8	1598
19	9968782056	1	1	18	1468
19	11445156427	2	1	10	3230
19	11984362674	1	1	18	3329
19	13000000000	2	1	10	2516
19	13759244080	1	1	18	3580
19	14407472037	2	1	13	3044
19	15086239424	1	1	18	4016
19	15796985021	2	1	13	3342
19	17320508076	3	1	13	1296
19	18136514935	3	1	3	1245
19	18990965656	3	1	13	301
19	19885671410	5	1	3	392
19	20822528702	4	1	3	2045
19	21803523380	3	1	13	2796
19	22830734855	4	1	13	3407
19	26211961532	3	1	3	4085
19	28739945678	1	1	18	4247
19	30093947115	3	1	3	2929
19	31511738509	1	1	18	3699
19	32996325143	3	1	10	2345
19	34550853887	4	1	10	2499
19	36178619865	2	1	3	4663
19	37883073445	6	1	10	2691
19	41536665297	3	1	3	1006
19	43493548067	5	1	3	2346
19	45542623846	8	1	13	2148
19	49934932713	7	1	10	3200
19	52287476152	8	1	10	3573
19	54750853037	9	1	10	4154
19	57330284972	5	1	8	7757
19	60031239563	3	1	3	9495
19	62859442007	1	1	18	11887
19	65820887229	2	1	3	8495
19	75568945763	3	1	3	7304
19	79129163388	2	1	3	8540
19	82857110620	3	1	3	5808
19	90848174617	2	1	3	6102
19	95128229991	1	1	18	8959
19	104302768761	2	1	3	7574
19	109216699370	3	1	3	6322
19	119749985260	2	1	3	7362
19	130000000000	1	1	18	9401
19	137484931034	3	1	3	8686
19	143962145579	3	1	10	9825
19	150744515809	3	1	3	10784
19	157846418272	2	1	3	11418
19	165282906828	1	1	18	11685
19	181223437172	3	1	13	9302
19	208062587291	3	1	3	12835
19	217864868942	4	1	3	7693
19	238876609483	2	1	3	8913
19	250130606832	3	1	3	9274
19	261914804507	2	1	3	9625
19	287174893217	3	1	8	14363
19	300704327907	2	1	8	13519
19	314871163733	1	1	18	14081
19	329705430050	2	1	10	10821
19	345238570962	3	1	10	13370
19	361503511974	4	1	10	11812
19	378534729783	3	1	10	6350
19	396368325357	3	1	8	7309
19	415042100460	1	1	18	10912
19	455070384831	3	1	10	7008
19	498959153590	2	1	10	22124
19	522466206056	1	1	18	21199
19	547080726961	2	1	10	13561
19	599843333185	2	1	3	23293
19	628103259078	1	1	18	25069
19	790673347157	2	1	10	16084
19	866928978933	1	1	18	29429
19	1373775052704	3	1	8	11870
19	1438496587537	4	1	8	6545
19	1506267294840	6	1	8	6514
19	1577230827771	3	1	8	11778
19	1651537607297	4	1	3	16608
19	1729345141047	4	1	13	8078
19	1810818357179	6	1	3	2241
19	1985460765900	5	1	3	6597
19	2079000146941	6	1	3	-11640
19	2176946371954	5	1	3	-506
19	2279507056955	4	1	3	5905
19	2386899599205	3	1	3	9030
19	2499351638022	5	1	3	8147
19	2740398890815	7	1	3	-805
19	2869505051187	5	1	3	14439
19	3004693683969	3	1	3	28869
19	3146251347683	4	1	3	30041
19	3294478101250	5	1	3	31038
19	3449688140017	3	1	3	40020
19	3612210461760	4	1	3	40419
19	3782389564056	5	1	3	20873
19	4147178015404	4	1	3	32643
19	4342560604319	2	1	3	41163
19	4547148092543	1	1	18	59762
19	4761374142932	2	1	3	58585
19	4985692849142	5	1	3	51375
19	5220579698171	3	1	2	64217
19	5466532578244	2	1	13	43620
19	5993746372511	4	1	13	40409
19	6276124818579	3	1	13	47207
19	6571806728266	2	1	13	29337
19	6881418856717	2	1	3	49788
19	7205617486879	1	1	18	62940
19	8272767809448	2	1	13	89160
19	8662515919149	3	1	13	74487
19	9070625911176	2	1	14	97237
19	9945432570527	2	1	3	101347
19	10413983560209	4	1	3	70946
19	11418348888254	4	1	10	70991
19	13000000000000	3	1	10	54192
19	13109403780009	4	1	10	38249
19	13727016344541	5	1	10	41930
19	14373725982157	4	1	10	70075
19	15050903519343	4	1	3	59133
19	15759984365207	3	1	10	71402
19	18094034490631	1	1	18	121656
19	18946483864533	2	1	10	101897
19	19839093985085	1	1	18	84300
19	26150566286152	3	1	3	80084
19	27382576420175	1	1	18	117558
19	28672629234945	5	1	10	82765
19	30023459247572	3	1	10	105614
19	31437929804219	3	1	8	81409
19	32919039149526	2	1	10	73477
19	34469926781966	1	1	18	69863
19	90635384514286	2	1	3	146855
19	104058464492742	1	1	18	129063
19	108960885395717	2	1	3	155752
19	119469499584686	5	1	3	58106
19	125097967916282	6	1	13	55231
19	130991605649859	6	1	3	49049
19	137162905493486	4	1	3	157326
19	143624948713920	5	1	3	121454
19	150391432864885	4	1	3	223164
19	157476700821694	3	1	3	234753
19	164895771183756	4	1	3	187417
19	180798964650562	7	1	3	136145
19	189316797657804	9	1	3	114504
19	200000000000000	8	1	3	51796
19	207575250485640	9	1	3	-2023
19	300000000000000	6	1	3	-16802
23	1000000	7	1	20	-5
23	1047112	8	1	5	7
23	1096444	5	1	21	12
23	1148100	6	1	17	1
23	1202189	8	2	17	5
23	1258827	4	2	14	13
23	1318133	9	2	14	0
23	1380233	5	1	15	7
23	1445259	7	1	14	2
23	1513348	8	1	11	-15
23	1584645	10	1	20	-17
23	1659302	10	1	14	-24
23	1737475	9	1	11	-8
23	1905044	8	1	7	-3
23	1994794	5	1	11	10
23	2088774	6	1	11	-11
23	2187180	5	1	11	5
23	2290223	4	2	7	-1
23	2511101	5	1	7	-15
23	2629405	6	1	11	-6
23	2753282	7	1	20	-44
23	2882995	10	1	11	-73
23	3018819	11	1	14	-65
23	3161042	7	1	14	-39
23	3309966	8	1	14	-27
23	3629192	7	1	21	-17
23	3800171	8	1	15	-2
23	3979205	6	1	14,15	-3
23	4166674	8	1	15	-23
23	4362975	9	1	11	-10
23	4568524	9	1	15	-11
23	4783758	10	1	15	-41
23	5009131	10	1	11	-34
23	5245122	10	1	17	-28
23	5492231	11	1	15	-62
23	6021923	10	1	15	-39
23	6305629	11	1	15	-45
23	6602701	9	1	15	-7
23	6913769	8	1	15	9
23	7239491	11	1	15	-2
23	7580560	10	1	15	-5
23	7937696	9	1	17	41
23	8311658	8	1	15	84
23	9113267	6	1	20	81
23	9542613	6	1	21	40
23	9992186	6	1	20	72
23	10462940	3	1	20	86
23	10955872	6	1	20	84
23	11472027	8	1	17	35
23	12012499	7	1	17	46
23	12578434	6	1	17	69
23	13171031	8	1	21	28
23	13791547	9	1	20,21	-37
23	14441297	8	1	11	-24
23	15834073	9	1	20	-27
23	16580050	10	1	20	-48
23	17361172	11	1	20	-101
23	19035552	11	1	15	-154
23	21854713	11	1	20	-116
23	22884336	11	1	15	-158
23	27511303	11	1	19	-196
23	28807420	11	1	15	-231
23	30164600	11	1	19	-165
23	31585720	9	1	19	-104
23	33073793	8	1	15	-101
23	34631971	8	1	19	-148
23	36263559	7	1	19	-117
23	37972014	8	1	19	-157
23	39760958	6	1	19	-113
23	41634183	5	1	19	-72
23	43595660	4	2	19	-52
23	45649547	3	1	19	-39
23	47800197	5	1	19	-12
23	50052168	5	1	10	-65
23	52410235	4	1	15	-24
23	54879395	3	1	10	-50
23	57464883	4	1	10	-44
23	60172178	3	1	10	-65
23	69083665	2	1	10	66
23	72338346	4	1	10	-6
23	75746363	6	1	10	-79
23	79314940	4	1	10	-60
23	83051639	2	1	10	84
23	86964383	4	1	19	63
23	91061464	5	1	17	30
23	95351568	6	1	19	67
23	99843788	5	1	17	73
23	104547647	4	1	17	229
23	109473114	6	1	17	103
23	114630631	7	1	17	79
23	120031129	6	1	17	193
23	125686057	6	1	15	189
23	131607401	5	1	19	173
23	137807713	5	1	17	210
23	144300134	8	1	17	155
23	158217004	6	1	17	121
23	165670951	4	1	17	204
23	199167838	1	1	22	416
23	208551068	3	1	17	198
23	228664549	7	1	17	102
23	239437434	6	1	17	77
23	250717853	3	1	17	137
23	262529718	7	1	14	-68
23	274898064	8	1	14	85
23	287849111	5	2	21	197
23	301410309	6	1	19	69
23	315610406	8	1	10	-71
23	330479499	10	1	10	-147
23	346049108	10	1	21	-103
23	362352235	10	1	19	83
23	379423438	9	1	14	241
23	397298903	5	1	10	432
23	416016520	1	1	22	646
23	435615964	4	1	19	624
23	456138781	3	1	19	501
23	477628472	7	1	21	186
23	500130590	6	1	21	354
23	523692831	5	2	19	440
23	548365141	7	1	21	200
23	574199817	9	1	21	233
23	601251621	8	1	20	299
23	629577895	6	1	21	89
23	659238680	6	1	7	205
23	722818239	7	1	7	82
23	756871780	8	1	5	143
23	792529658	6	1	7	471
23	829867457	4	1	7	696
23	868964320	2	1	5	780
23	909903122	6	1	5	241
23	952770639	4	1	5	715
23	997657739	7	1	5	401
23	1000000000	8	1	5	347
23	1044659568	7	1	5	495
23	1145410625	3	1	5	830
23	1199373415	3	1	10	913
23	1255878508	1	1	22	1195
23	1315045680	2	1	5	1032
23	1377000346	3	1	5	663
23	1441873832	2	1	10	1171
23	1509803648	1	1	22	806
23	1580933787	2	1	5	669
23	1655415021	3	1	21	558
23	1733405228	4	1	21	675
23	1900581611	1	1	22	1180
23	1990122151	4	1	21	1097
23	2182057319	5	1	21	1037
23	2284858792	3	1	21	1114
23	2392503466	1	1	22	1198
23	2746832689	7	1	5	740
23	2876241959	9	1	19	803
23	3011747983	6	1	5	850
23	3153637990	5	1	11	1236
23	3302212744	3	1	11	1317
23	3620691064	1	1	22	1728
23	3791269706	4	1	11	1472
23	3969884679	3	1	11	1351
23	4156914593	6	1	11	584
23	4352755893	4	1	14	693
23	4557823704	5	1	19	656
23	4772552705	6	1	14	697
23	4997398058	3	1	5	548
23	5232836365	5	1	5	637
23	5479366683	2	1	7	1215
23	5737511582	5	1	7	293
23	6587235751	6	1	7	868
23	6897574775	3	1	7	1203
23	7222534545	1	1	22	1759
23	7562803878	3	1	19	1843
23	7919104041	4	1	19	241
23	8292190280	3	1	19	871
23	8682853425	8	1	19	-184
23	9091921561	6	1	11	-49
23	9520261788	4	1	5	273
23	9968782056	8	1	5	-26
23	10000000000	10	1	5	-71
23	10438433091	9	1	5	-722
23	10930210409	6	1	5	-325
23	11445156427	9	1	11	-1313
23	11984362674	10	1	11	-1681
23	12548972102	8	1	11	-1929
23	13000000000	6	1	11	-852
23	13759244080	2	1	5	40
23	14407472037	5	1	5	1076
23	15086239424	8	1	5	-518
23	15796985021	7	1	5	604
23	16541215392	5	1	5	513
23	17320508076	1	1	22	1737
23	18990965656	2	1	14	2301
23	19885671410	4	1	14	1460
23	20822528702	8	1	14	735
23	21803523380	9	1	14	-370
23	22830734855	3	1	14	2205
23	23906340500	5	1	14	1770
23	26211961532	8	1	14	1150
23	27446864129	4	1	5	1901
23	28739945678	4	1	14	1277
23	30093947115	7	1	5	195
23	31511738509	5	1	5	650
23	32996325143	4	1	5	1256
23	34550853887	6	1	5	938
23	37883073445	5	1	5	-1120
23	39667827545	8	1	5	-888
23	41536665297	7	1	11	-2184
23	43493548067	7	1	17	107
23	45542623846	4	1	11	994
23	47688236048	2	1	15	2591
23	49934932713	3	1	17	2019
23	52287476152	4	1	15	1378
23	54750853037	7	1	17	-1135
23	57330284972	6	1	11	1060
23	60031239563	3	1	14	1204
23	62859442007	5	1	11	145
23	65820887229	6	1	11	-213
23	68921852585	5	1	14	-744
23	72168911173	7	1	14	9
23	75568945763	6	1	14	428
23	79129163388	9	1	14	-699
23	82857110620	6	1	14	-617
23	86760689565	9	1	14	-2418
23	90848174617	11	1	14	-2782
23	95128229991	9	1	14	-2087
23	104302768761	10	1	14	-1650
23	114362135953	11	1	14	-1741
23	119749985260	11	1	11	-4630
23	125391667883	10	1	21	-4091
23	130000000000	11	1	21	-5114
23	131299142461	10	1	17	-5427
23	137484931034	11	1	21	-5277
23	143962145579	10	1	21	-5404
23	150744515809	9	1	7	-5575
23	157846418272	10	1	7	-7653
23	189761268004	11	1	7	-3551
23	198701334642	10	1	7	-5905
23	217864868942	11	1	20	-6789
23	228128957430	11	1	17	-7557
23	238876609483	10	1	20	-1022
23	250130606832	9	1	10	293
23	261914804507	10	1	15	-184
23	274254181402	7	1	15	1196
23	287174893217	9	1	15	3208
23	300704327907	10	1	11	2224
23	314871163733	11	1	15	1246
23	329705430050	11	1	20	822
23	345238570962	9	1	20	2155
23	361503511974	3	1	20	4497
23	378534729783	2	1	20	6658
23	415042100460	1	1	22	7322
23	498959153590	2	1	10	10486
23	522466206056	1	1	22	7899
23	547080726961	2	1	20	6868
23	572854891558	1	1	22	7981
23	599843333185	2	1	20	8212
23	628103259078	3	1	20	6746
23	657694571630	4	1	11	-1962
23	688679995367	5	1	19	-4662
23	721125209903	7	1	11	-1944
23	755098989162	2	1	19	2808
23	790673347157	5	1	19	690
23	827923690639	3	1	19	1133
23	866928978933	8	1	19	-7401
23	950539002253	9	1	19	-6928
23	995320964936	5	1	15	-3694
23	1000000000000	4	1	15	-2418
23	1091313613827	9	1	15	-12410
23	1142727775070	8	1	19	-8749
23	1196564169430	8	1	15	-10763
23	1252936913585	7	1	19	-3384
23	1300000000000	5	1	15	1832
23	1311965500497	5	1	10	4011
23	1373775052704	5	1	15	12780
23	1506267294840	4	1	19	14254
23	1577230827771	3	1	19	16180
23	1651537607297	4	1	17	12404
23	1729345141047	1	1	22	25469
23	1810818357179	5	1	15	12413
23	1896129953972	8	1	17	9449
23	1985460765900	4	1	19	16745
23	2079000146941	5	1	17	11139
23	2176946371954	4	1	17	9511
23	2279507056955	2	1	17	20828
23	2386899599205	5	1	17	20161
23	2740398890815	8	1	17	-614
23	2869505051187	5	1	17	7331
23	3004693683969	6	1	19	11073
23	3146251347683	7	1	17	-4051
23	3294478101250	9	1	17	-11966
23	3782389564056	10	1	17	-7366
23	3960586174514	9	1	17	-2649
23	4342560604319	4	1	20	19377
23	4547148092543	4	1	17	11698
23	4761374142932	6	1	17	-3080
23	4985692849142	7	1	17	-16412
23	5220579698171	8	1	17	-7995
23	5466532578244	8	1	5	-12009
23	5724072834185	6	1	5	-8462
23	5993746372511	6	1	20	-2645
23	6276124818579	7	1	20	-8283
23	6571806728266	9	1	20	-22673
23	6881418856717	8	1	15	-14427
23	7205617486879	9	1	20	-19376
23	7545089820617	8	1	21	-4635
23	7900555435372	9	1	15	-5657
23	8272767809448	7	1	19	13701
23	8662515919149	8	1	21	-12440
23	9070625911176	7	1	10	-287
23	9497962853795	9	1	19	2123
23	9945432570527	10	1	10	17759
23	10000000000000	9	1	10	22842
23	10413983560209	11	1	10	20823
23	10904609007526	8	1	7	5872
23	11418348888254	6	1	19	30750
23	12519579138962	7	1	19	4700
23	13109403780009	6	1	19	10646
23	13727016344541	5	1	19	1002
23	14373725982157	4	1	21	13744
23	15759984365207	2	1	21	6578
23	16502471554108	4	1	21	-5573
23	17279938931625	4	1	7	7788
23	18946483864533	5	1	21	22583
23	19839093985085	3	1	21	30964
23	21752453846202	2	1	5	60421
23	22777259324031	7	1	5	56293
23	23850345619961	10	1	21	56945
23	24973987348488	10	1	5	54696
23	26150566286152	9	1	19	51354
23	27382576420175	10	1	21	33978
23	30023459247572	8	1	21	37693
23	31437929804219	7	1	19	56433
23	32919039149526	7	1	11	31094
23	34469926781966	9	1	19	8774
23	36093880108624	9	1	5	3401
23	37794341413493	8	1	20	-7114
23	39574915154062	7	1	20	23323
23	41439375601662	6	1	20	30340
23	43391674841769	7	1	5	46190
23	45435951151211	6	1	5	54151
23	47576537770051	8	1	5	25071
23	49817972086731	9	1	5	56835
23	52165005255944	5	1	5	94408
23	54622612269628	2	1	5	93443
23	57196002502427	4	1	5	52694
23	59890630753972	6	1	21	58279
23	62712208811383	4	1	21	70405
23	65666717556514	4	1	20	85152
23	68760419643587	2	1	20	102736
23	71999872774107	3	1	20	116718
23	75391943597177	2	1	20	113142
23	78943822264697	3	1	20	101081
23	82663037672284	4	1	20	110032
23	86557473418223	2	1	20	137851
23	90635384514286	5	1	5	34101
23	94905414883828	4	1	20	95292
23	99376615684263	6	1	5	6674
23	100000000000000	5	1	5	-2064
23	108960885395717	3	1	5	77646
23	114094270024970	4	1	20	13375
23	119469499584686	5	1	20	2293
23	125097967916282	3	1	5	98964
23	130991605649859	2	1	5	24224
23	143624948713920	1	1	22	108039
23	157476700821694	2	1	11	74509
23	172664370109409	4	1	11	54005
23	180798964650562	1	1	22	145748
23	198235924329971	3	1	5	89738
23	217354572637679	5	1	19	72270
23	227594619955796	9	1	10	27285
23	238317098206027	6	1	11	95045
23	249544735760329	6	1	10	157327
23	261301331773756	2	1	11	133514
23	273611806631400	1	1	22	180656
