# Library-independent sieve replication (segmented Eratosthenes wheel-30 omitted; pure odd-only)

## N = 7
x	count_a=1	count_a=2	count_a=3	count_a=4	count_a=5	count_a=6
1000000000	8474221	8474796	8475123	8474021	8474630	8474742
10000000000	75840762	75841428	75843438	75841922	75842174	75842786
13000000000	97426083	97427678	97429872	97427492	97429055	97430019
100000000000	686339040	686342043	686338138	686340737	686346250	686348604
# diffs pi(x;7,a)-pi(x;7,1)
x	diff_a=2	diff_a=3	diff_a=4	diff_a=5	diff_a=6
1000000000	575	902	-200	409	521
10000000000	666	2676	1160	1412	2024
13000000000	1595	3789	1409	2972	3936
100000000000	3003	-902	1697	7210	9564

## N = 8
x	count_a=1	count_a=2	count_a=3	count_a=4	count_a=5	count_a=6	count_a=7
1000000000	12711220	1	12712340	0	12712271	0	12711702
10000000000	113758759	1	113763027	0	113764516	0	113766208
13000000000	146137683	1	146144401	0	146144469	0	146143646
100000000000	1029502984	1	1029511402	0	1029517296	0	1029523130
# diffs pi(x;8,a)-pi(x;8,1)
x	diff_a=2	diff_a=3	diff_a=4	diff_a=5	diff_a=6	diff_a=7
1000000000	-12711219	1120	-12711220	1051	-12711220	482
10000000000	-113758758	4268	-113758759	5757	-113758759	7449
13000000000	-146137682	6718	-146137683	6786	-146137683	5963
100000000000	-1029502983	8418	-1029502984	14312	-1029502984	20146

## N = 11
x	count_a=1	count_a=2	count_a=3	count_a=4	count_a=5	count_a=6	count_a=7	count_a=8	count_a=9	count_a=10
1000000000	5084435	5084868	5084160	5084801	5084762	5085277	5084752	5085005	5084213	5085260
10000000000	45504543	45506100	45503956	45505446	45505736	45504686	45505997	45506529	45503578	45505939
13000000000	58456186	58458871	58453890	58455749	58456721	58457358	58459932	58458803	58455355	58457334
100000000000	411802209	411802535	411801956	411808174	411801090	411809535	411807927	411806854	411806740	411807792
# diffs pi(x;11,a)-pi(x;11,1)
x	diff_a=2	diff_a=3	diff_a=4	diff_a=5	diff_a=6	diff_a=7	diff_a=8	diff_a=9	diff_a=10
1000000000	433	-275	366	327	842	317	570	-222	825
10000000000	1557	-587	903	1193	143	1454	1986	-965	1396
13000000000	2685	-2296	-437	535	1172	3746	2617	-831	1148
100000000000	326	-253	5965	-1119	7326	5718	4645	4531	5583

## N = 19
x	count_a=1	count_a=2	count_a=3	count_a=4	count_a=5	count_a=6	count_a=7	count_a=8	count_a=9	count_a=10	count_a=11	count_a=12	count_a=13	count_a=14	count_a=15	count_a=16	count_a=17	count_a=18
1000000000	2824460	2825205	2825169	2825071	2825566	2824896	2824792	2825113	2824352	2825150	2824827	2824859	2825345	2824701	2824245	2824143	2824741	2824898
10000000000	25280149	25280869	25280807	25280479	25282732	25280592	25281339	25280879	25279445	25281720	25280955	25280677	25280945	25280574	25279337	25279715	25279059	25282237
13000000000	32475282	32474783	32475698	32477767	32477925	32476008	32477351	32475463	32474673	32477960	32475978	32473868	32477397	32475960	32475563	32474471	32476254	32477798
100000000000	228776740	228783976	228786165	228784978	228782920	228778586	228782409	228779474	228774959	228780689	228779888	228779910	228782923	228785108	228776171	228775104	228778385	228786427
# diffs pi(x;19,a)-pi(x;19,1)
x	diff_a=2	diff_a=3	diff_a=4	diff_a=5	diff_a=6	diff_a=7	diff_a=8	diff_a=9	diff_a=10	diff_a=11	diff_a=12	diff_a=13	diff_a=14	diff_a=15	diff_a=16	diff_a=17	diff_a=18
1000000000	745	709	611	1106	436	332	653	-108	690	367	399	885	241	-215	-317	281	438
10000000000	720	658	330	2583	443	1190	730	-704	1571	806	528	796	425	-812	-434	-1090	2088
13000000000	-499	416	2485	2643	726	2069	181	-609	2678	696	-1414	2115	678	281	-811	972	2516
100000000000	7236	9425	8238	6180	1846	5669	2734	-1781	3949	3148	3170	6183	8368	-569	-1636	1645	9687

## N = 23
x	count_a=1	count_a=2	count_a=3	count_a=4	count_a=5	count_a=6	count_a=7	count_a=8	count_a=9	count_a=10	count_a=11	count_a=12	count_a=13	count_a=14	count_a=15	count_a=16	count_a=17	count_a=18	count_a=19	count_a=20	count_a=21	count_a=22
1000000000	2310857	2310848	2311167	2310988	2311916	2311200	2311577	2311669	2311557	2311670	2311077	2311420	2310874	2310688	2310776	2311329	2311221	2311036	2311313	2311654	2311492	2311204
10000000000	20683861	20683969	20684760	20685196	20685882	20685704	20684799	20683352	20683811	20683114	20684136	20682880	20684887	20683988	20683975	20684504	20684181	20682159	20684241	20684198	20685123	20683790
13000000000	26572216	26571035	26571558	26572466	26572273	26572228	26570986	26571461	26570787	26570688	26572661	26570224	26572786	26570265	26571531	26571850	26571267	26568894	26570743	26571375	26571541	26571364
100000000000	187183678	187180926	187185985	187186090	187182978	187183103	187184249	187185311	187183240	187181336	187187056	187182613	187183933	187190026	187186584	187183055	187185799	187187325	187179592	187182862	187187429	187181642
# diffs pi(x;23,a)-pi(x;23,1)
x	diff_a=2	diff_a=3	diff_a=4	diff_a=5	diff_a=6	diff_a=7	diff_a=8	diff_a=9	diff_a=10	diff_a=11	diff_a=12	diff_a=13	diff_a=14	diff_a=15	diff_a=16	diff_a=17	diff_a=18	diff_a=19	diff_a=20	diff_a=21	diff_a=22
1000000000	-9	310	131	1059	343	720	812	700	813	220	563	17	-169	-81	472	364	179	456	797	635	347
10000000000	108	899	1335	2021	1843	938	-509	-50	-747	275	-981	1026	127	114	643	320	-1702	380	337	1262	-71
13000000000	-1181	-658	250	57	12	-1230	-755	-1429	-1528	445	-1992	570	-1951	-685	-366	-949	-3322	-1473	-841	-675	-852
100000000000	-2752	2307	2412	-700	-575	571	1633	-438	-2342	3378	-1065	255	6348	2906	-623	2121	3647	-4086	-816	3751	-2036
