x,split,A_minus_1_binary64,A_minus_1_decimal80,binary_decimal_sign_agree,mertens_x
1,discovery,0,0,True,1
10,discovery,-2.6876984126984125,-2.6876984126984126984126984126984126984126984126984126984126984126984126984126984,True,-1
100,discovery,-5.6358657035730371,-5.6358657035730371140292643967713436016679638975907208767507397788120108465367174,True,1
1000,discovery,-10.193429825638583,-10.193429825638581216751518139162457094462731430861488499788795097679683037234198,True,2
10000,discovery,-29.147932773510359,-29.147932773510361731446265178053894878927841652408840758364430754640331068439432,True,-23
20000,discovery,-3.5182492069307165,-3.5182492069307187583066905584940731495889928970654901874063011653124439250625840,True,26
30000,discovery,-5.8797094396440874,-5.8797094396440936236897040285970859143441715514448066089972161560432779556787594,True,18
40000,discovery,-22.462649943867948,-22.462649943867953028442781740501359913333186771771153984914211510370034648163809,True,-10
50000,discovery,-9.0291946873819366,-9.0291946873819428108713138645704361050237142349759201492513816690515406714908862,True,23
60000,discovery,-77.617219037825521,-77.617219037825534890746238602882859156051064609190760067457165217715413293184497,True,-83
70000,discovery,35.978650812938483,35.978650812938474493200460134889246895256995315482316603080420718742502355735236,True,74
80000,discovery,-16.293783771332485,-16.293783771332495652171535371461548416375213433559380827907388384934112664752420,True,3
90000,discovery,-9.2790415419496455,-9.2790415419496493104142887814473764715794341489164688199200932150283524295701225,True,11
100000,discovery,-51.015575746939319,-51.015575746939327576186076708945550645900201499067266624700496833446313365156709,True,-48
110000,discovery,-27.87956636318572,-27.879566363185722137065704710536861155438157478843445705518429844398073862060836,True,-12
120000,discovery,38.194288689949317,38.194288689949320992596945696656438736267547433669515387214314454056266376800436,True,104
130000,discovery,-24.267349468886334,-24.267349468886330880892239964822455337129392642236180073968182127175668295237809,True,-5
140000,discovery,-65.64148549972461,-65.641485499724614515306759017960887695190863864953061146942152332657243173508686,True,-90
150000,discovery,-48.771268590843704,-48.771268590843694168702355313227638212672667127781806059394996717426018638607403,True,-50
160000,discovery,-68.27059479309149,-68.270594793091482877271172588543011819730518128793697956660466109504511766560898,True,-67
170000,discovery,59.437695668165432,59.437695668165432499388965442016093174885004092931242045013147201087716973315440,True,98
180000,discovery,-2.2923354200774382,-2.2923354200774418776505751136861202616773040777718704513158489089821343107664994,True,39
190000,discovery,-34.234707858590689,-34.234707858590697391718257106410284148822551634433233291167459420369781872870975,True,28
200000,discovery,-30.91571558035686,-30.915715580356867073316148043959508214849832935888296528750430041918829350124772,True,-1
210000,discovery,-72.743980931405275,-72.743980931405278290122385631417727733831231377901081914020434544528290927803731,True,-63
220000,discovery,-43.9872156338796,-43.987215633879603371279211813229697614769294077426062908244842867474061626701850,True,-30
230000,discovery,-102.84737009997239,-102.84737009997240097068677545776850733629389652246485490727275551881018860028736,True,-130
240000,discovery,-4.8682376428792864,-4.8682376428792984134758091569340314257840785534339572506196772422430624005452852,True,-24
250000,discovery,-56.535343686853061,-56.535343686853074954528544174411246496243543352828720199973367681212515247835932,True,-39
260000,discovery,-19.833915920729812,-19.833915920729827691532430550987043455039514251000516087615853554049880568001140,True,-9
270000,discovery,-55.387725447296859,-55.387725447296871363661713777241583940913444844766100503510498534389410407319227,True,-50
280000,discovery,-11.646980510415196,-11.646980510415204095046525641208700283934936083784049665348600839840359948304819,True,48
290000,discovery,28.111549828288414,28.111549828288403452771607872565578947391503691493295607139578326500661508858007,True,100
300000,discovery,141.36808970929746,141.36808970929744772673575235479081146484434510175138319995370207902255835475139,True,220
310000,discovery,81.760770161141849,81.760770161141834533554497422827078025092677832673703004599492514833977955763591,True,163
320000,discovery,4.6213560938824996,4.6213560938824839895773108908762803920546342874198651300850339008845672860867140,True,73
330000,discovery,-86.098001569610332,-86.098001569610348355171907508240260042662897631398163512980637138940476414587386,True,-81
340000,discovery,-105.77265483350016,-105.77265483350016372113816609577742099435616742537637448465905807427488569083805,True,-158
350000,discovery,-159.10916734726183,-159.10916734726184458425051598274379418137053086287529732721222671346431882203052,True,-221
360000,discovery,-128.85723807599135,-128.85723807599137620202899976636724666767086539924245166238323625508724852324826,True,-164
370000,discovery,-69.388837343328802,-69.388837343328817944885313709634738262124090649475443849794351910082094578149063,True,-90
380000,discovery,2.6439264025615254,2.6439264025615081872448220408846656426139915706705101774532020645525729814230803,True,27
390000,discovery,24.397610545377084,24.397610545377066578908432355584408456375799577726779978437753866410715428141437,True,60
400000,discovery,-32.048762635471384,-32.048762635471401947507357444592063379360502827592422462810147613112560806169124,True,11
410000,discovery,58.539686965721181,58.539686965721167322122836627291655041691593129361879288181265605459477563274736,True,85
420000,discovery,55.542978078066795,55.542978078066785392056837728061951027765597638907662788022808424891092474926749,True,140
430000,discovery,16.424463178802139,16.424463178802126968499220866059433011260015357216614332451919154794472713644356,True,54
440000,discovery,-39.551789805024335,-39.551789805024352529473779284070597855852632227113492707999938976665252679520058,True,-2
450000,discovery,-4.7816640984451322,-4.7816640984451474893656037172340938162304944765786951302344056076138748755783103,True,52
460000,discovery,73.068771974671748,73.068771974671735157008890394676812233904252309423760356387839975433658809793044,True,170
470000,discovery,64.879828537070964,64.879828537070940756817272630912150213224800196751841175183253061557880265149693,True,129
480000,discovery,-4.8842250513590635,-4.8842250513590779392394257247418294025729251654638720510715655088006352866673046,True,45
490000,discovery,-14.114741530052873,-14.114741530052882796857537079792817062410742191464818931699239214898085943789665,True,14
500000,discovery,-39.867457445933361,-39.867457445933364498608365601298836479216926937356825150169374827771915096248189,True,-6
510000,discovery,-60.738641096306701,-60.738641096306712118574707449695963086456920424563961542716178261705139966235931,True,-56
520000,discovery,-119.62370159986126,-119.62370159986127305997309612649115682189274927805650837296411215602925566126948,True,-132
530000,discovery,-124.96765385792067,-124.96765385792067268735336725631132147045031628189171813612019982948638557899295,True,-125
540000,discovery,-74.967796060959074,-74.967796060959078987190481608340703698432560313614842930435550263762778571748701,True,-52
550000,discovery,-11.60553798863452,-11.605537988634525302809403503583581892643247788536140469964937669506026001161931,True,4
560000,discovery,-9.541225541941353,-9.5412255419413593805974242401711655169315032018812895341078095827501274014396525,True,-9
570000,discovery,29.175981302435922,29.175981302435917214678613144927276626386962874851904641726361527488268335246370,True,30
580000,discovery,-40.227937237196876,-40.227937237196885361176859170470188123792717122486461042220282791631030863306498,True,-58
590000,discovery,-106.81966511414784,-106.81966511414785253348010974842385000516485788858507161975402426065462459280400,True,-151
600000,discovery,-135.45455513697095,-135.45455513697095933631743859205805496557875201064902008597871221945711319720983,True,-230
610000,discovery,-154.49961911018178,-154.49961911018178186025498585507893429264949357121238306385287681738888592905658,True,-224
620000,discovery,-151.54251593578601,-151.54251593578602257183372287435060979257691627420307907916504428437799968992628,True,-202
630000,discovery,-35.535581010776944,-35.535581010776952733168826323495661978666802019724757478579995815660135012874078,True,-55
640000,discovery,40.196125943078854,40.196125943078845195350617422151774139573299374048574815609458266160980859931520,True,50
650000,discovery,55.286649167364587,55.286649167364575820469511827551471673351956675338193396263703068806987272761594,True,136
660000,discovery,87.382119665138504,87.382119665138489648432916270514133472111514258675419845485364675283875290438957,True,164
670000,discovery,108.05061334361586,108.05061334361585636447122479722775286746481286630800077902779450374920379732280,True,215
680000,discovery,58.089813854904079,58.089813854904073256993193473614506809669843832931446834789727596005675271524113,True,158
690000,discovery,50.720129016453406,50.720129016453396905739118992850623158057900676262140192703738344638697119642432,True,192
700000,discovery,85.234152956107025,85.234152956107012297760485538805199812829498295904021783466096392602692376479014,True,226
710000,discovery,11.349130052613132,11.349130052613118738119091627912012742396700039963996265666368509047150777117665,True,147
720000,discovery,44.005139616513119,44.005139616513106321320661824812507920774782991370643394948122634020070512511862,True,141
730000,discovery,-46.584335017039287,-46.584335017039302395219627620172041825969487950899006053125837857585586414779863,True,10
740000,discovery,-31.760625881031604,-31.760625881031621759705693550306012109343541720730273999819254569491399328438265,True,32
750000,discovery,92.563234098020558,92.563234098020538868425955572154864261309104404922414863138247205260547806637165,True,132
760000,discovery,74.175292334742252,74.175292334742234488385687790325519367991240573671755115658398903658199077520425,True,96
770000,discovery,21.197226766085418,21.197226766085412223756029735385527923192527342598437220947241460652021969282269,True,71
780000,discovery,-17.577025030178049,-17.577025030178058789905013719254162552508449215279553071861605161916824354786782,True,-13
790000,discovery,-33.1790048728176,-33.179004872817612581467639474143717328708456467636213941782460680446772358198137,True,-3
800000,discovery,-38.077454089285119,-38.077454089285131921179625813541985494358630391612796689998317988403840174298086,True,-20
810000,discovery,-61.03874803901698,-61.038748039016983663589932067265367385261182003510168291653982918755932513803800,True,-61
820000,discovery,-69.408580111733343,-69.408580111733339308278227401274609185543286365846885658445695176315194858247350,True,-95
830000,discovery,-110.07196851447426,-110.07196851447426725504323461551064309124390717861951839160432569859693577693828,True,-153
840000,discovery,-103.57168743715052,-103.57168743715051288796554979434188779139765679126191409785770161649153832231458,True,-158
850000,discovery,-83.969092263958132,-83.969092263958132037274379253625967449941472462286211696419926034673073246388641,True,-136
860000,discovery,-61.113738645733214,-61.113738645733215660802286117165680030600094803019255360197563558030906258872923,True,-99
870000,discovery,-133.42537456839395,-133.42537456839395079238958996931963950508593349865438834356072989887180362507200,True,-140
880000,discovery,-132.34397452629599,-132.34397452629599888791248327097697076884818034677420014704584655140091053908103,True,-144
890000,discovery,-139.95602170293853,-139.95602170293853264132251397857996356838200228267588262940973735633681726772926,True,-135
900000,discovery,-154.99470422561839,-154.99470422561839788230458004083127160076528848738183062689536571437817874661182,True,-225
910000,discovery,-212.82331796571179,-212.82331796571180387507338726984343975401769969093483130950730547308579386648713,True,-266
920000,discovery,-134.23475879671182,-134.23475879671182923434610109443052250925987180107480660314166956622703524750609,True,-221
930000,discovery,-165.61619789282267,-165.61619789282267800521418148510491549537575557127802556621476976473249695434041,True,-259
940000,discovery,-138.27989077535145,-138.27989077535146730880139860279363077649145081400861732143183259563834364954134,True,-209
950000,discovery,-83.667610162711966,-83.667610162711975223374223605336953345529490320693585049932731616917620610901068,True,-127
960000,discovery,-15.728535263615489,-15.728535263615498659457976062429956995659198071350025690403064711406867903168022,True,-36
970000,discovery,7.9082235757438202,7.9082235757438152650159080564839649521694273231002863314983825718946878838208001,True,28
980000,discovery,56.804056155538809,56.804056155538809586935585079944865718241022802503273502331960885817148826919326,True,105
990000,discovery,142.90568068238039,142.90568068238037813488735969799765035870285557188625044796821762954435073173250,True,211
1000000,discovery,137.62967851291921,137.62967851291921051412649614619207020815174078392973147254129896623831449923176,True,212
1010000,holdout,45.018748898034168,45.018748898034159195761560455775285598872195816694264367800645317151286163586360,True,143
1020000,holdout,9.734592630342453,9.734592630342446001994592411576623411056593521378117685600887787563733701164391,True,97
1030000,holdout,-29.942392875293869,-29.942392875293876233996972930124092350629745488188363475232476271387745219667395,True,50
1040000,holdout,105.23217523995072,105.23217523995071155600522099915944341581037553834348985046011202008774933542967,True,257
1050000,holdout,113.92785120560823,113.92785120560823452644354822496661921888057606865813525444950200714084598203272,True,272
1060000,holdout,197.84644869411687,197.84644869411686522953343912336839541675514962170619145233621713391815846979410,True,352
1070000,holdout,211.59629900626891,211.59629900626889948008763772028625363887272808547527036817182887013290227709860,True,362
1080000,holdout,177.53687448614818,177.53687448614818624415606213788373079488776586263061861616396814629670558057894,True,298
1090000,holdout,183.53239788408493,183.53239788408491286696506923683126384034355551651382396604288378375083994733178,True,268
1100000,holdout,130.35757404306642,130.35757404306641714261758462691206776428370972752237144763422446998432155044817,True,201
1110000,holdout,37.589217030297831,37.589217030297821628163695115422440770717662633787927899792479407543064950552535,True,97
1120000,holdout,12.191291085224927,12.191291085224917884537568549208388747569016253421917621923878109782087460600612,True,46
1130000,holdout,18.831627932386418,18.831627932386408692564761871016108088036392646240717704772184943405818476566539,True,54
1140000,holdout,-20.958547393578026,-20.958547393578032081390853182522992386048282928263192328275107235039357859497620,True,-25
1150000,holdout,28.302423952380391,28.302423952380382026852705002211170104898067925443664374830522840793702150451201,True,57
1160000,holdout,29.10274978171757,29.102749781717565350532262345217471178174284233306578070047463452254012844839189,True,74
1170000,holdout,-91.451156859708803,-91.451156859708810682399243343400018550488070191724431864428059105234256033811855,True,-56
1180000,holdout,-126.62399169830469,-126.62399169830470254988556479697344489474119585248152063912237976431965321445773,True,-69
1190000,holdout,-223.11339170394598,-223.11339170394598494633622641235694833758234969589075024251071875989465671908413,True,-155
1200000,holdout,-220.36261174425383,-220.36261174425382153762383838687273487427288570871400362058036656832489840879488,True,-155
1210000,holdout,-83.078473953170999,-83.078473953171000088227136086082393439675829672698922146103094982419360564022353,True,-9
1220000,holdout,-171.68941475931928,-171.68941475931927479041541179108408757266403861257329726764312090471537267709321,True,-115
1230000,holdout,-113.28351233387315,-113.28351233387313224193481518989474232812349720817120956726656314045121173131913,True,-62
1240000,holdout,-19.485213276398134,-19.485213276398121330975034970330847883246429896848055341349655648417630931286082,True,23
1250000,holdout,-57.619341230778446,-57.619341230778435099048554130990615277804911628871374324263384324157363099632757,True,-13
1260000,holdout,-91.167898527882258,-91.167898527882242596545019507274702643364036546676019164707800307963295309017011,True,-102
1270000,holdout,-156.02496963543828,-156.02496963543827734079028810682151556228117344669712412224293777764009881328185,True,-185
1280000,holdout,-130.49308825714107,-130.49308825714104101767980403601433275529606684304854489573376536646364309853279,True,-185
1290000,holdout,-140.38243824334876,-140.38243824334873854360856087958591648997187820996779580676456576025748188903889,True,-166
1300000,holdout,-58.987628172578631,-58.987628172578617589489690629740792333622746435980246537478792696993060747235783,True,-81
1310000,holdout,-55.365267017102106,-55.365267017102091853285292901983672477715077830753703777664308651986240970736064,True,-76
1320000,holdout,-48.136140669268116,-48.136140669268102495818948246550908216616369175866045807315830270991290234365014,True,-94
1330000,holdout,-18.085662015857462,-18.085662015857452103382472634762411151350085232815978329901936786603770255053004,True,-44
1340000,holdout,-20.270316845668365,-20.270316845668357022729477716341744648812965052510637378730062568389539790856787,True,-68
1350000,holdout,6.267858493770011,6.2678584937700211186124401080307042589168282754965683981818640421948052110562118,True,-35
1360000,holdout,34.231000108165247,34.231000108165255284069963938669225268437774775867152834757728104251955870217065,True,17
1370000,holdout,22.121368764922458,22.121368764922466488139296780012164648329641268544773029793009324778281371128376,True,-18
1380000,holdout,-40.961241513036995,-40.961241513036978797367110987446002312619617209755020391450639550809476063250780,True,-101
1390000,holdout,-30.417103506096375,-30.417103506096361564377106158863632986706406313084479756734536792035462385964267,True,-126
1400000,holdout,-155.19486738472415,-155.19486738472414491375986040440043737283058982389648222864250076326203537231134,True,-247
1410000,holdout,-88.744727134320073,-88.744727134320055764345361348543576058918083839124294146982993912574277741082189,True,-164
1420000,holdout,36.207200771804906,36.207200771804914729651241110308189397210977155377475923934901427346530195829959,True,-5
1430000,holdout,16.605380927972764,16.605380927972770689989666445036780310627135386011009379750198683273574805173979,True,8
1440000,holdout,-65.910755380295726,-65.910755380295718836252184387604208139759196707508068251546061942760936073287922,True,-105
1450000,holdout,-20.092868218566426,-20.092868218566419086100972365388747709121470206648308461220008406297192774584018,True,-4
1460000,holdout,-55.242893088886149,-55.242893088886140379985369303367073452408731769163444005025430305456670382130041,True,-41
1470000,holdout,-59.59842821958766,-59.598428219587644888862569707616654923550817919562294920735507438603272230806126,True,-59
1480000,holdout,-80.644377500029464,-80.644377500029441041876973214618037065371098928471013110591150318543176647770168,True,-75
1490000,holdout,-187.40119913229628,-187.40119913229625588296652911425927834171576118177664344396178848872414006695419,True,-242
1500000,holdout,-206.27609839181375,-206.27609839181373248850002044523396329451670686604479858598596043351868807405505,True,-293
1510000,holdout,-283.45630110110778,-283.45630110110778765417936269144113950249506411694160777293880829215430959862388,True,-340
1520000,holdout,-256.05489506284994,-256.05489506284993768295285039268196215765229545798288447958012796839884171030150,True,-291
1530000,holdout,-206.8783136237416,-206.87831362374159693055054752644735664726604432202898362549680647983603992792766,True,-233
1540000,holdout,-125.28395640030179,-125.28395640030177820121506577713083730639923458473178699276864834506490171806706,True,-162
1550000,holdout,-95.074510835436769,-95.074510835436752854393363695241690120522825489307448963833345241891136488773977,True,-104
1560000,holdout,-85.20794718662826,-85.207947186628253555443008037754720578646778860310132061504544195912092373155567,True,-44
1570000,holdout,-13.726123281914877,-13.726123281914869288975715862857312201485436948286304051939233832756175959582524,True,38
1580000,holdout,1.2527768076288157,1.2527768076288299789673805043819625907543605613511027136306438153383622660645450,True,68
1590000,holdout,59.445818874216641,59.445818874216647845461647398883998124698950282157707885301184829114655462625002,True,126
1600000,holdout,106.72801405964972,106.72801405964972803263210556557170984699790801335783905564004960051586975482028,True,168
1610000,holdout,81.242772064824351,81.242772064824357206525428147151568026549259970750073810998587666583308168208685,True,159
1620000,holdout,106.58434539995652,106.58434539995651845073246707571075642959166874733724515879462417787350840226367,True,186
1630000,holdout,63.424679325035811,63.424679325035814708197440317491688153352288302260113035630299242009884639881732,True,146
1640000,holdout,67.351350234234147,67.351350234234146494625742099134628956902878071313414210700316524893151285504132,True,136
1650000,holdout,83.52226833012088,83.522268330120890318405331055322473370951787556507347834563531851018963913380754,True,184
1660000,holdout,60.638243662019377,60.638243662019375518357308834599946873449403910397751614316819591718959002779217,True,146
1670000,holdout,25.312535828862845,25.312535828862844900980662614476766385040826021950620520345686647804624856795945,True,121
1680000,holdout,1.1727790248262888,1.1727790248262861181328981572094771002157133057425950978179738203218291157124888,True,96
1690000,holdout,89.064342372542356,89.064342372542353107036487605354683031261300051445949771043936940097588899214030,True,225
1700000,holdout,22.129875664993648,22.129875664993651216093348605049561315598559005423399519350194840910766915182881,True,104
1710000,holdout,-15.331186187457941,-15.331186187457940797402836657457782329195497007815858394411528991741671526009665,True,43
1720000,holdout,52.792987527762719,52.792987527762719953241401403802548559857474795276907280455650478691604904707441,True,140
1730000,holdout,126.06631696393025,126.06631696393024641301320788657383386715260484920800982579803775567425338833670,True,241
1740000,holdout,195.42844403201642,195.42844403201641066677226502900963123777575128941460594682055123389506313264969,True,342
1750000,holdout,141.66298200737776,141.66298200737776208240480330517369550143902398658746259696773091745830268273010,True,277
1760000,holdout,198.93609315595842,198.93609315595841716135991654131586256695987390209843774968362799634273009523219,True,360
1770000,holdout,270.48638181228569,270.48638181228571428007654815811895136992168525247678571536043524453692286895099,True,436
1780000,holdout,277.02901663672407,277.02901663672406065973617644393224836300449501755794715060760399687724827654782,True,464
1790000,holdout,304.14569332589315,304.14569332589312185195028512940278100299182367889076021589398393756633512464220,True,525
1800000,holdout,198.01462122697438,198.01462122697438561126719268884226044962731220267760663154746373252903740149057,True,404
1810000,holdout,190.67607928096234,190.67607928096234934435948475218838795029937685926715323601360322887958149852413,True,389
1820000,holdout,205.45985856932404,205.45985856932402936890063495178860699056674247046331936043529977558633059475392,True,416
1830000,holdout,127.6019803707737,127.60198037077369542326719608514340148110647878030425309041111872150823138925041,True,300
1840000,holdout,156.8989117939804,156.89891179398040199762606246780290935350398992477868718929264977776082966397453,True,325
1850000,holdout,145.1341405380164,145.13414053801639282401056049837432786448383247391269784758383254984098607414677,True,337
1860000,holdout,29.556392796947602,29.556392796947605262671412816384945219607256620185417804277277735340722629243423,True,182
1870000,holdout,-17.984237787430729,-17.984237787430728066496619253398202846431058263060936630882020760496662435822409,True,138
1880000,holdout,-5.0228650979057345,-5.0228650979057327489491661190588377799402747998208804954331336159739337825503929,True,117
1890000,holdout,-38.925459207204682,-38.925459207204683273232134405346665746397498897038253675076369712831325959540396,True,87
1900000,holdout,-57.205630913043038,-57.205630913043033358681637250532805331637987089041570123359176940985015642419423,True,11
1910000,holdout,-41.894398143884807,-41.894398143884802397382408130232142977143296657302133200563898242024686340681412,True,15
1920000,holdout,-135.08478108300773,-135.08478108300773357615966708531302664889184479700946217930038708242152686768283,True,-136
1930000,holdout,-201.78209322777414,-201.78209322777413457018663725190365816829160533992419481866675092184231465125808,True,-223
1940000,holdout,-176.95183623978795,-176.95183623978794722297858460935037472265714423397086717700002540070900248861285,True,-215
1950000,holdout,-193.97131853342466,-193.97131853342466492339233797432562830766973689029574425973366354002958340623847,True,-234
1960000,holdout,-216.77233470349779,-216.77233470349778930439943794799917186741180350048955682832064683837508781508341,True,-310
1970000,holdout,-138.8057598911744,-138.80575989117441329656219725879672215336465069431151916813751252931969079168861,True,-243
1980000,holdout,-62.16142765227022,-62.161427652270222830017703920126291148403305994801863202703958191751459151026701,True,-180
1990000,holdout,-89.448373054138031,-89.448373054138034909135994419154661869552905259048440035755468550394234001766863,True,-254
2000000,holdout,-126.51474340790132,-126.51474340790132349003806389204451638894576545235891574949771489595177626701476,True,-247
